,from,to,type
0,Ptgr1,Ltb4r1,Secreted Signaling
1,Ptgr1,Ltb4r2,Secreted Signaling
2,Cyp11a1,Nr1h4,Secreted Signaling
3,Dagla,Cnr1,Secreted Signaling
4,Dagla,Cnr2,Secreted Signaling
5,Dagla,Gpr55,Secreted Signaling
6,Daglb,Cnr1,Secreted Signaling
7,Daglb,Cnr2,Secreted Signaling
8,Daglb,Gpr55,Secreted Signaling
9,Wnt11,Klrg2,Secreted Signaling
10,Wnt5b,Klrg2,Secreted Signaling
11,Col6a6,Itgb1_Itga10,Secreted Signaling
12,Col6a6,Itgb1,Secreted Signaling
13,Col6a6,Itga10,Secreted Signaling
14,Col6a6,Itgb1_Itga11,Secreted Signaling
15,Col6a6,Itga11,Secreted Signaling
16,Col6a6,Itgb1_Itga1,Secreted Signaling
17,Col6a6,Itga1,Secreted Signaling
18,Col6a6,Itgb1_Itga2,Secreted Signaling
19,Col6a6,Itga2,Secreted Signaling
20,Col6a5,Itgb1_Itga10,Secreted Signaling
21,Col6a5,Itgb1,Secreted Signaling
22,Col6a5,Itga10,Secreted Signaling
23,Col6a5,Itgb1_Itga11,Secreted Signaling
24,Col6a5,Itga11,Secreted Signaling
25,Col6a5,Itgb1_Itga1,Secreted Signaling
26,Col6a5,Itga1,Secreted Signaling
27,Col6a5,Itgb1_Itga2,Secreted Signaling
28,Col6a5,Itga2,Secreted Signaling
29,Bmp10,Acvrl1_Acvr2a,Secreted Signaling
30,Bmp10,Acvrl1,Secreted Signaling
31,Bmp10,Acvr2a,Secreted Signaling
32,Gdf2,Acvrl1_Acvr2a,Secreted Signaling
33,Gdf2,Acvrl1,Secreted Signaling
34,Gdf2,Acvr2a,Secreted Signaling
35,Bmp10,Acvrl1_Bmpr2,Secreted Signaling
36,Bmp10,Bmpr2,Secreted Signaling
37,Gdf2,Acvrl1_Bmpr2,Secreted Signaling
38,Gdf2,Bmpr2,Secreted Signaling
39,Bmp7,Acvr1_Bmpr2,Secreted Signaling
40,Bmp7,Acvr1,Secreted Signaling
41,Bmp7,Bmpr2,Secreted Signaling
42,Bmp5,Acvr1_Bmpr2,Secreted Signaling
43,Bmp5,Acvr1,Secreted Signaling
44,Bmp5,Bmpr2,Secreted Signaling
45,Bmp6,Acvr1_Bmpr2,Secreted Signaling
46,Bmp6,Acvr1,Secreted Signaling
47,Bmp6,Bmpr2,Secreted Signaling
48,Bmp8a,Acvr1_Bmpr2,Secreted Signaling
49,Bmp8a,Acvr1,Secreted Signaling
50,Bmp8a,Bmpr2,Secreted Signaling
51,Inhba_Inhbb,Acvr1_Acvr2a,Secreted Signaling
52,Inhba_Inhbb,Acvr1,Secreted Signaling
53,Inhba_Inhbb,Acvr2a,Secreted Signaling
54,Inhba,Acvr1_Acvr2a,Secreted Signaling
55,Inhba,Acvr1,Secreted Signaling
56,Inhba,Acvr2a,Secreted Signaling
57,Inhbb,Acvr1_Acvr2a,Secreted Signaling
58,Inhbb,Acvr1,Secreted Signaling
59,Inhbb,Acvr2a,Secreted Signaling
60,Inhba_Inha,Acvr1_Acvr2a,Secreted Signaling
61,Inhba_Inha,Acvr1,Secreted Signaling
62,Inhba_Inha,Acvr2a,Secreted Signaling
63,Inha,Acvr1_Acvr2a,Secreted Signaling
64,Inha,Acvr1,Secreted Signaling
65,Inha,Acvr2a,Secreted Signaling
66,Inhbb_Inha,Acvr1_Acvr2a,Secreted Signaling
67,Inhbb_Inha,Acvr1,Secreted Signaling
68,Inhbb_Inha,Acvr2a,Secreted Signaling
69,Bmp7,Acvr1_Acvr2a,Secreted Signaling
70,Bmp7,Acvr2a,Secreted Signaling
71,Bmp5,Acvr1_Acvr2a,Secreted Signaling
72,Bmp5,Acvr2a,Secreted Signaling
73,Bmp6,Acvr1_Acvr2a,Secreted Signaling
74,Bmp6,Acvr2a,Secreted Signaling
75,Bmp8a,Acvr1_Acvr2a,Secreted Signaling
76,Bmp8a,Acvr2a,Secreted Signaling
77,Inhba_Inhbb,Acvr1_Acvr2b,Secreted Signaling
78,Inhba_Inhbb,Acvr2b,Secreted Signaling
79,Inhba,Acvr1_Acvr2b,Secreted Signaling
80,Inhba,Acvr2b,Secreted Signaling
81,Inhbb,Acvr1_Acvr2b,Secreted Signaling
82,Inhbb,Acvr2b,Secreted Signaling
83,Inhba_Inha,Acvr1_Acvr2b,Secreted Signaling
84,Inhba_Inha,Acvr2b,Secreted Signaling
85,Inha,Acvr1_Acvr2b,Secreted Signaling
86,Inha,Acvr2b,Secreted Signaling
87,Inhbb_Inha,Acvr1_Acvr2b,Secreted Signaling
88,Inhbb_Inha,Acvr2b,Secreted Signaling
89,Bmp7,Acvr1_Acvr2b,Secreted Signaling
90,Bmp7,Acvr2b,Secreted Signaling
91,Bmp5,Acvr1_Acvr2b,Secreted Signaling
92,Bmp5,Acvr2b,Secreted Signaling
93,Bmp6,Acvr1_Acvr2b,Secreted Signaling
94,Bmp6,Acvr2b,Secreted Signaling
95,Bmp8a,Acvr1_Acvr2b,Secreted Signaling
96,Bmp8a,Acvr2b,Secreted Signaling
97,Inhba_Inhbb,Acvr1b_Acvr2a,Secreted Signaling
98,Inhba_Inhbb,Acvr1b,Secreted Signaling
99,Inhba,Acvr1b_Acvr2a,Secreted Signaling
100,Inhba,Acvr1b,Secreted Signaling
101,Inhbb,Acvr1b_Acvr2a,Secreted Signaling
102,Inhbb,Acvr1b,Secreted Signaling
103,Inhba_Inha,Acvr1b_Acvr2a,Secreted Signaling
104,Inhba_Inha,Acvr1b,Secreted Signaling
105,Inha,Acvr1b_Acvr2a,Secreted Signaling
106,Inha,Acvr1b,Secreted Signaling
107,Inhbb_Inha,Acvr1b_Acvr2a,Secreted Signaling
108,Inhbb_Inha,Acvr1b,Secreted Signaling
109,Gdf11,Acvr1b_Acvr2a,Secreted Signaling
110,Gdf11,Acvr1b,Secreted Signaling
111,Gdf11,Acvr2a,Secreted Signaling
112,Inhba_Inhbb,Acvr1b_Acvr2b,Secreted Signaling
113,Inhba,Acvr1b_Acvr2b,Secreted Signaling
114,Inhbb,Acvr1b_Acvr2b,Secreted Signaling
115,Inhba_Inha,Acvr1b_Acvr2b,Secreted Signaling
116,Inha,Acvr1b_Acvr2b,Secreted Signaling
117,Inhbb_Inha,Acvr1b_Acvr2b,Secreted Signaling
118,Mstn,Acvr1b_Acvr2b,Secreted Signaling
119,Mstn,Acvr1b,Secreted Signaling
120,Mstn,Acvr2b,Secreted Signaling
121,Gdf11,Acvr1b_Acvr2b,Secreted Signaling
122,Gdf11,Acvr2b,Secreted Signaling
123,Gdf1,Acvr1b_Acvr2b,Secreted Signaling
124,Gdf1,Acvr1b,Secreted Signaling
125,Gdf1,Acvr2b,Secreted Signaling
126,Gdf10,Acvr1b_Acvr2b,Secreted Signaling
127,Gdf10,Acvr1b,Secreted Signaling
128,Gdf10,Acvr2b,Secreted Signaling
129,Gdf3,Acvr1b_Acvr2b,Secreted Signaling
130,Gdf3,Acvr1b,Secreted Signaling
131,Gdf3,Acvr2b,Secreted Signaling
132,Inhba_Inhbb,Acvr1c_Acvr2a,Secreted Signaling
133,Inhba_Inhbb,Acvr1c,Secreted Signaling
134,Inhba,Acvr1c_Acvr2a,Secreted Signaling
135,Inhba,Acvr1c,Secreted Signaling
136,Inhbb,Acvr1c_Acvr2a,Secreted Signaling
137,Inhbb,Acvr1c,Secreted Signaling
138,Inhba_Inha,Acvr1c_Acvr2a,Secreted Signaling
139,Inhba_Inha,Acvr1c,Secreted Signaling
140,Inha,Acvr1c_Acvr2a,Secreted Signaling
141,Inha,Acvr1c,Secreted Signaling
142,Inhbb_Inha,Acvr1c_Acvr2a,Secreted Signaling
143,Inhbb_Inha,Acvr1c,Secreted Signaling
144,Inhba_Inhbb,Acvr1c_Acvr2b,Secreted Signaling
145,Inhba,Acvr1c_Acvr2b,Secreted Signaling
146,Inhbb,Acvr1c_Acvr2b,Secreted Signaling
147,Inhba_Inha,Acvr1c_Acvr2b,Secreted Signaling
148,Inha,Acvr1c_Acvr2b,Secreted Signaling
149,Inhbb_Inha,Acvr1c_Acvr2b,Secreted Signaling
150,Adipoq,Adipor1_Adipor2,Secreted Signaling
151,Adipoq,Adipor1,Secreted Signaling
152,Adipoq,Adipor2,Secreted Signaling
153,Iapp,Calcr_Ramp1,Secreted Signaling
154,Iapp,Calcr,Secreted Signaling
155,Iapp,Ramp1,Secreted Signaling
156,Iapp,Calcr_Ramp2,Secreted Signaling
157,Iapp,Ramp2,Secreted Signaling
158,Iapp,Calcr_Ramp3,Secreted Signaling
159,Iapp,Ramp3,Secreted Signaling
160,Chat,Chrna2_Chrnb3,Secreted Signaling
161,Chat,Chrna2,Secreted Signaling
162,Chat,Chrnb3,Secreted Signaling
163,Chat,Chrna3_Chrnb2_Chrna5,Secreted Signaling
164,Chat,Chrna3,Secreted Signaling
165,Chat,Chrnb2,Secreted Signaling
166,Chat,Chrna5,Secreted Signaling
167,Chat,Chrna3_Chrnb4_Chrna5,Secreted Signaling
168,Chat,Chrnb4,Secreted Signaling
169,Chat,Chrna4_Chrnb2,Secreted Signaling
170,Chat,Chrna4,Secreted Signaling
171,Chat,Chrna6_Chrna4_Chrnb3,Secreted Signaling
172,Chat,Chrna6,Secreted Signaling
173,Chat,Chrna6_Chrnb3_Chrnb4,Secreted Signaling
174,Chat,Chrna1,Secreted Signaling
175,Chat,Chrm2,Secreted Signaling
176,Chat,Chrm4,Secreted Signaling
177,Chat,Chrm5,Secreted Signaling
178,Chat,Chrm1,Secreted Signaling
179,Chat,Chrm3,Secreted Signaling
180,Chat,Chrna7,Secreted Signaling
181,Cyp11b1,Nr3c1,Secreted Signaling
182,Cyp11b1,Nr3c2,Secreted Signaling
183,Cyp17a1,Ar,Secreted Signaling
184,Hsd17b6,Nr1h4,Secreted Signaling
185,Gdf2_Bmp15,Bmpr1b_Bmpr2_Acvr1b,Secreted Signaling
186,Gdf2_Bmp15,Bmpr1b,Secreted Signaling
187,Gdf2_Bmp15,Bmpr2,Secreted Signaling
188,Gdf2_Bmp15,Acvr1b,Secreted Signaling
189,Gdf2,Bmpr1b_Bmpr2_Acvr1b,Secreted Signaling
190,Gdf2,Bmpr1b,Secreted Signaling
191,Gdf2,Acvr1b,Secreted Signaling
192,Bmp15,Bmpr1b_Bmpr2_Acvr1b,Secreted Signaling
193,Bmp15,Bmpr1b,Secreted Signaling
194,Bmp15,Bmpr2,Secreted Signaling
195,Bmp15,Acvr1b,Secreted Signaling
196,Bmp2,Bmpr1a_Bmpr2,Secreted Signaling
197,Bmp2,Bmpr1a,Secreted Signaling
198,Bmp2,Bmpr2,Secreted Signaling
199,Bmp4,Bmpr1a_Bmpr2,Secreted Signaling
200,Bmp4,Bmpr1a,Secreted Signaling
201,Bmp4,Bmpr2,Secreted Signaling
202,Bmp7,Bmpr1a_Bmpr2,Secreted Signaling
203,Bmp7,Bmpr1a,Secreted Signaling
204,Bmp5,Bmpr1a_Bmpr2,Secreted Signaling
205,Bmp5,Bmpr1a,Secreted Signaling
206,Bmp6,Bmpr1a_Bmpr2,Secreted Signaling
207,Bmp6,Bmpr1a,Secreted Signaling
208,Gdf6,Bmpr1a_Bmpr2,Secreted Signaling
209,Gdf6,Bmpr1a,Secreted Signaling
210,Gdf6,Bmpr2,Secreted Signaling
211,Gdf7,Bmpr1a_Bmpr2,Secreted Signaling
212,Gdf7,Bmpr1a,Secreted Signaling
213,Gdf7,Bmpr2,Secreted Signaling
214,Bmp8a,Bmpr1a_Bmpr2,Secreted Signaling
215,Bmp8a,Bmpr1a,Secreted Signaling
216,Bmp15,Bmpr1b_Bmpr2,Secreted Signaling
217,Bmp2,Bmpr1b_Bmpr2,Secreted Signaling
218,Bmp2,Bmpr1b,Secreted Signaling
219,Bmp4,Bmpr1b_Bmpr2,Secreted Signaling
220,Bmp4,Bmpr1b,Secreted Signaling
221,Bmp7,Bmpr1b_Bmpr2,Secreted Signaling
222,Bmp7,Bmpr1b,Secreted Signaling
223,Bmp5,Bmpr1b_Bmpr2,Secreted Signaling
224,Bmp5,Bmpr1b,Secreted Signaling
225,Bmp6,Bmpr1b_Bmpr2,Secreted Signaling
226,Bmp6,Bmpr1b,Secreted Signaling
227,Gdf5,Bmpr1b_Bmpr2,Secreted Signaling
228,Gdf5,Bmpr1b,Secreted Signaling
229,Gdf5,Bmpr2,Secreted Signaling
230,Gdf6,Bmpr1b_Bmpr2,Secreted Signaling
231,Gdf6,Bmpr1b,Secreted Signaling
232,Gdf7,Bmpr1b_Bmpr2,Secreted Signaling
233,Gdf7,Bmpr1b,Secreted Signaling
234,Bmp8a,Bmpr1b_Bmpr2,Secreted Signaling
235,Bmp8a,Bmpr1b,Secreted Signaling
236,Bmp2,Bmpr1a_Acvr2a,Secreted Signaling
237,Bmp2,Acvr2a,Secreted Signaling
238,Bmp4,Bmpr1a_Acvr2a,Secreted Signaling
239,Bmp4,Acvr2a,Secreted Signaling
240,Bmp7,Bmpr1a_Acvr2a,Secreted Signaling
241,Bmp5,Bmpr1a_Acvr2a,Secreted Signaling
242,Bmp6,Bmpr1a_Acvr2a,Secreted Signaling
243,Gdf5,Bmpr1a_Acvr2a,Secreted Signaling
244,Gdf5,Bmpr1a,Secreted Signaling
245,Gdf5,Acvr2a,Secreted Signaling
246,Gdf6,Bmpr1a_Acvr2a,Secreted Signaling
247,Gdf6,Acvr2a,Secreted Signaling
248,Gdf7,Bmpr1a_Acvr2a,Secreted Signaling
249,Gdf7,Acvr2a,Secreted Signaling
250,Bmp8a,Bmpr1a_Acvr2a,Secreted Signaling
251,Bmp2,Bmpr1a_Acvr2b,Secreted Signaling
252,Bmp2,Acvr2b,Secreted Signaling
253,Bmp4,Bmpr1a_Acvr2b,Secreted Signaling
254,Bmp4,Acvr2b,Secreted Signaling
255,Bmp7,Bmpr1a_Acvr2b,Secreted Signaling
256,Bmp5,Bmpr1a_Acvr2b,Secreted Signaling
257,Bmp6,Bmpr1a_Acvr2b,Secreted Signaling
258,Gdf5,Bmpr1a_Acvr2b,Secreted Signaling
259,Gdf5,Acvr2b,Secreted Signaling
260,Gdf7,Bmpr1a_Acvr2b,Secreted Signaling
261,Gdf7,Acvr2b,Secreted Signaling
262,Bmp8a,Bmpr1a_Acvr2b,Secreted Signaling
263,Bmp2,Bmpr1b_Acvr2a,Secreted Signaling
264,Bmp4,Bmpr1b_Acvr2a,Secreted Signaling
265,Bmp7,Bmpr1b_Acvr2a,Secreted Signaling
266,Bmp5,Bmpr1b_Acvr2a,Secreted Signaling
267,Bmp6,Bmpr1b_Acvr2a,Secreted Signaling
268,Gdf5,Bmpr1b_Acvr2a,Secreted Signaling
269,Gdf6,Bmpr1b_Acvr2a,Secreted Signaling
270,Gdf7,Bmpr1b_Acvr2a,Secreted Signaling
271,Bmp8a,Bmpr1b_Acvr2a,Secreted Signaling
272,Bmp2,Bmpr1b_Acvr2b,Secreted Signaling
273,Bmp4,Bmpr1b_Acvr2b,Secreted Signaling
274,Bmp7,Bmpr1b_Acvr2b,Secreted Signaling
275,Bmp5,Bmpr1b_Acvr2b,Secreted Signaling
276,Bmp6,Bmpr1b_Acvr2b,Secreted Signaling
277,Gdf5,Bmpr1b_Acvr2b,Secreted Signaling
278,Gdf6,Bmpr1b_Acvr2b,Secreted Signaling
279,Gdf6,Acvr2b,Secreted Signaling
280,Gdf7,Bmpr1b_Acvr2b,Secreted Signaling
281,Bmp8a,Bmpr1b_Acvr2b,Secreted Signaling
282,Cd8a_Cd8b1,Lck,Cell-Cell Contact
283,Cd8a,Lck,Cell-Cell Contact
284,Cd8b1,Lck,Cell-Cell Contact
285,Klrd1_Klrc1,H2-T23,Cell-Cell Contact
286,Klrd1,H2-T23,Cell-Cell Contact
287,Klrc1,H2-T23,Cell-Cell Contact
288,Cntf,Cntfr_Lifr_Il6st,Secreted Signaling
289,Cntf,Cntfr,Secreted Signaling
290,Cntf,Lifr,Secreted Signaling
291,Cntf,Il6st,Secreted Signaling
292,Clcf1,Cntfr_Lifr_Il6st,Secreted Signaling
293,Clcf1,Cntfr,Secreted Signaling
294,Clcf1,Lifr,Secreted Signaling
295,Clcf1,Il6st,Secreted Signaling
296,Apoa1,Amn_Cubn,Secreted Signaling
297,Apoa1,Amn,Secreted Signaling
298,Apoa1,Cubn,Secreted Signaling
299,Cyp27b1,Vdr,Secreted Signaling
300,Hsd3b2,Catsper1_Catsperb,Secreted Signaling
301,Hsd3b2,Catsper1,Secreted Signaling
302,Hsd3b2,Catsperb,Secreted Signaling
303,Hsd3b2,Catsper1_Catsperd,Secreted Signaling
304,Hsd3b2,Catsperd,Secreted Signaling
305,Hsd3b2,Catsper2_Catsperb,Secreted Signaling
306,Hsd3b2,Catsper2,Secreted Signaling
307,Hsd3b2,Catsper2_Catsperd,Secreted Signaling
308,Hsd3b2,Catsper3_Catsperb,Secreted Signaling
309,Hsd3b2,Catsper3,Secreted Signaling
310,Hsd3b2,Catsper3_Catsperd,Secreted Signaling
311,Hsd3b2,Catsper4_Catsperb,Secreted Signaling
312,Hsd3b2,Catsper4,Secreted Signaling
313,Hsd3b2,Catsper4_Catsperd,Secreted Signaling
314,Cel,Rora,Secreted Signaling
315,Cel,Rorc,Secreted Signaling
316,Dhcr24,Rora,Secreted Signaling
317,Dhcr24,Rorc,Secreted Signaling
318,Dhcr7,Rora,Secreted Signaling
319,Dhcr7,Rorc,Secreted Signaling
320,Lipa,Rora,Secreted Signaling
321,Lipa,Rorc,Secreted Signaling
322,Cyp11b2,Nr3c1,Secreted Signaling
323,Cyp11b2,Nr3c2,Secreted Signaling
324,Sult1e1,Pparg,Secreted Signaling
325,Sult1e1,Ppara,Secreted Signaling
326,Sult2a1,Pparg,Secreted Signaling
327,Sult2a1,Ppara,Secreted Signaling
328,Ubash3b,Nr1i2,Secreted Signaling
329,Ubash3b,Esr1,Secreted Signaling
330,Ubash3b,Ppara,Secreted Signaling
331,Dhcr7,Nr1h2,Secreted Signaling
332,Dhcr7,Nr1h3,Secreted Signaling
333,Cyp21a1,Nr3c2,Secreted Signaling
334,Srd5a1,Ar,Secreted Signaling
335,Srd5a2,Ar,Secreted Signaling
336,Srd5a3,Ar,Secreted Signaling
337,Pnmt,Adrb2,Secreted Signaling
338,Pnmt,Adrb1,Secreted Signaling
339,Pnmt,Adra2a,Secreted Signaling
340,Pnmt,Adrb3,Secreted Signaling
341,Pnmt,Adra2b,Secreted Signaling
342,Pnmt,Adra2c,Secreted Signaling
343,Pnmt,Adra1d,Secreted Signaling
344,Pnmt,Adra1a,Secreted Signaling
345,Pnmt,Adra1b,Secreted Signaling
346,Cyp19a1,Nr1i2,Secreted Signaling
347,Cyp19a1,Esr1,Secreted Signaling
348,Cyp19a1,Esr2,Secreted Signaling
349,Cyp19a1,Gper1,Secreted Signaling
350,Hsd17b1,Nr1i2,Secreted Signaling
351,Hsd17b1,Esr1,Secreted Signaling
352,Hsd17b1,Esr2,Secreted Signaling
353,Hsd17b1,Gper1,Secreted Signaling
354,Wnt1,Ryk_Fzd8,Secreted Signaling
355,Wnt1,Ryk,Secreted Signaling
356,Wnt1,Fzd8,Secreted Signaling
357,Wnt5a,Ryk_Fzd8,Secreted Signaling
358,Wnt5a,Ryk,Secreted Signaling
359,Wnt5a,Fzd8,Secreted Signaling
360,Wnt3,Ryk_Fzd8,Secreted Signaling
361,Wnt3,Ryk,Secreted Signaling
362,Wnt3,Fzd8,Secreted Signaling
363,Wnt3a,Ryk_Fzd8,Secreted Signaling
364,Wnt3a,Ryk,Secreted Signaling
365,Wnt3a,Fzd8,Secreted Signaling
366,Vegfa,Flt1_Kdr,Secreted Signaling
367,Vegfa,Flt1,Secreted Signaling
368,Vegfa,Kdr,Secreted Signaling
369,Pgf,Flt1_Kdr,Secreted Signaling
370,Pgf,Flt1,Secreted Signaling
371,Pgf,Kdr,Secreted Signaling
372,Vegfb,Flt1_Kdr,Secreted Signaling
373,Vegfb,Flt1,Secreted Signaling
374,Vegfb,Kdr,Secreted Signaling
375,Alb,B2m_Fcgrt,Secreted Signaling
376,Alb,B2m,Secreted Signaling
377,Alb,Fcgrt,Secreted Signaling
378,Cga_Fshb,Fshr,Secreted Signaling
379,Cga,Fshr,Secreted Signaling
380,Fshb,Fshr,Secreted Signaling
381,Gal,Galr1_Gpr151,Secreted Signaling
382,Gal,Galr1,Secreted Signaling
383,Gal,Gpr151,Secreted Signaling
384,Galp,Galr1_Gpr151,Secreted Signaling
385,Galp,Galr1,Secreted Signaling
386,Galp,Gpr151,Secreted Signaling
387,Gal,Galr2_Gpr151,Secreted Signaling
388,Gal,Galr2,Secreted Signaling
389,Spx,Galr2_Gpr151,Secreted Signaling
390,Spx,Galr2,Secreted Signaling
391,Spx,Gpr151,Secreted Signaling
392,Galp,Galr2_Gpr151,Secreted Signaling
393,Galp,Galr2,Secreted Signaling
394,Gal,Galr3_Gpr151,Secreted Signaling
395,Gal,Galr3,Secreted Signaling
396,Spx,Galr3_Gpr151,Secreted Signaling
397,Spx,Galr3,Secreted Signaling
398,Galp,Galr3_Gpr151,Secreted Signaling
399,Galp,Galr3,Secreted Signaling
400,Csf2,Csf2rb_Csf2ra,Secreted Signaling
401,Csf2,Csf2rb,Secreted Signaling
402,Csf2,Csf2ra,Secreted Signaling
403,F2,Gp1ba_Gp1bb,Secreted Signaling
404,F2,Gp1ba,Secreted Signaling
405,F2,Gp1bb,Secreted Signaling
406,Vwf,Gp1ba_Gp1bb,Secreted Signaling
407,Vwf,Gp1ba,Secreted Signaling
408,Vwf,Gp1bb,Secreted Signaling
409,Hdc,Hrh2,Secreted Signaling
410,Hdc,Hrh1,Secreted Signaling
411,Hdc,Hrh4,Secreted Signaling
412,Hdc,Hrh3,Secreted Signaling
413,Igf1,Igf1r_Gpc3,Secreted Signaling
414,Igf1,Igf1r,Secreted Signaling
415,Igf1,Gpc3,Secreted Signaling
416,Il10,Il10ra_Il10rb,Secreted Signaling
417,Il10,Il10ra,Secreted Signaling
418,Il10,Il10rb,Secreted Signaling
419,Il11,Gm13305_Il6st,Secreted Signaling
420,Il11,Gm13305,Secreted Signaling
421,Il11,Il6st,Secreted Signaling
422,Il12a_Il12b,Il12rb1_Il12rb2,Secreted Signaling
423,Il12a_Il12b,Il12rb1,Secreted Signaling
424,Il12a_Il12b,Il12rb2,Secreted Signaling
425,Il12a,Il12rb1_Il12rb2,Secreted Signaling
426,Il12a,Il12rb1,Secreted Signaling
427,Il12a,Il12rb2,Secreted Signaling
428,Il12b,Il12rb1_Il12rb2,Secreted Signaling
429,Il12b,Il12rb1,Secreted Signaling
430,Il12b,Il12rb2,Secreted Signaling
431,Il4,Il13ra1_Il4ra,Secreted Signaling
432,Il4,Il13ra1,Secreted Signaling
433,Il4,Il4ra,Secreted Signaling
434,Il13,Il13ra1_Il4ra,Secreted Signaling
435,Il13,Il13ra1,Secreted Signaling
436,Il13,Il4ra,Secreted Signaling
437,Il15,Il15ra_Il2rb,Secreted Signaling
438,Il15,Il15ra,Secreted Signaling
439,Il15,Il2rb,Secreted Signaling
440,Il17a_Il17f,Il17ra_Il17rc,Secreted Signaling
441,Il17a_Il17f,Il17ra,Secreted Signaling
442,Il17a_Il17f,Il17rc,Secreted Signaling
443,Il17a,Il17ra_Il17rc,Secreted Signaling
444,Il17a,Il17ra,Secreted Signaling
445,Il17a,Il17rc,Secreted Signaling
446,Il17f,Il17ra_Il17rc,Secreted Signaling
447,Il17f,Il17ra,Secreted Signaling
448,Il17f,Il17rc,Secreted Signaling
449,Il25,Il17ra_Il17rb,Secreted Signaling
450,Il25,Il17ra,Secreted Signaling
451,Il25,Il17rb,Secreted Signaling
452,Il17c,Il17ra_Il17re,Secreted Signaling
453,Il17c,Il17ra,Secreted Signaling
454,Il17c,Il17re,Secreted Signaling
455,Il18,Il18r1_Il18rap,Secreted Signaling
456,Il18,Il18r1,Secreted Signaling
457,Il18,Il18rap,Secreted Signaling
458,Il1a,Il1r1_Il1rap,Secreted Signaling
459,Il1a,Il1r1,Secreted Signaling
460,Il1a,Il1rap,Secreted Signaling
461,Il1b,Il1r1_Il1rap,Secreted Signaling
462,Il1b,Il1r1,Secreted Signaling
463,Il1b,Il1rap,Secreted Signaling
464,Il1rn,Il1r1_Il1rap,Secreted Signaling
465,Il1rn,Il1r1,Secreted Signaling
466,Il1rn,Il1rap,Secreted Signaling
467,Il1a,Il1r2_Il1rap,Secreted Signaling
468,Il1a,Il1r2,Secreted Signaling
469,Il1b,Il1r2_Il1rap,Secreted Signaling
470,Il1b,Il1r2,Secreted Signaling
471,Il1rn,Il1r2_Il1rap,Secreted Signaling
472,Il1rn,Il1r2,Secreted Signaling
473,Il24,Il20ra_Il20rb,Secreted Signaling
474,Il24,Il20ra,Secreted Signaling
475,Il24,Il20rb,Secreted Signaling
476,Il20,Il20ra_Il20rb,Secreted Signaling
477,Il20,Il20ra,Secreted Signaling
478,Il20,Il20rb,Secreted Signaling
479,Il19,Il20ra_Il20rb,Secreted Signaling
480,Il19,Il20ra,Secreted Signaling
481,Il19,Il20rb,Secreted Signaling
482,Il24,Il22ra1_Il20rb,Secreted Signaling
483,Il24,Il22ra1,Secreted Signaling
484,Il20,Il22ra1_Il20rb,Secreted Signaling
485,Il20,Il22ra1,Secreted Signaling
486,Il21,Il21r_Il2rg,Secreted Signaling
487,Il21,Il21r,Secreted Signaling
488,Il21,Il2rg,Secreted Signaling
489,Il22,Il22ra1_Il10rb,Secreted Signaling
490,Il22,Il22ra1,Secreted Signaling
491,Il22,Il10rb,Secreted Signaling
492,Il12b_Il23a,Il12rb1_Il23r,Secreted Signaling
493,Il12b_Il23a,Il12rb1,Secreted Signaling
494,Il12b_Il23a,Il23r,Secreted Signaling
495,Il12b,Il12rb1_Il23r,Secreted Signaling
496,Il12b,Il23r,Secreted Signaling
497,Il23a,Il12rb1_Il23r,Secreted Signaling
498,Il23a,Il12rb1,Secreted Signaling
499,Il23a,Il23r,Secreted Signaling
500,Ebi3_Il27,Il27ra_Il6st,Secreted Signaling
501,Ebi3_Il27,Il27ra,Secreted Signaling
502,Ebi3_Il27,Il6st,Secreted Signaling
503,Ebi3,Il27ra_Il6st,Secreted Signaling
504,Ebi3,Il27ra,Secreted Signaling
505,Ebi3,Il6st,Secreted Signaling
506,Il27,Il27ra_Il6st,Secreted Signaling
507,Il27,Il27ra,Secreted Signaling
508,Il27,Il6st,Secreted Signaling
509,Ifnl2,Ifnlr1_Il10rb,Secreted Signaling
510,Ifnl2,Ifnlr1,Secreted Signaling
511,Ifnl2,Il10rb,Secreted Signaling
512,Il2,Il2ra_Il2rb_Il2rg,Secreted Signaling
513,Il2,Il2ra,Secreted Signaling
514,Il2,Il2rb,Secreted Signaling
515,Il2,Il2rg,Secreted Signaling
516,Il2,Il2rb_Il2rg,Secreted Signaling
517,Il33,Il1rl1_Il1rap,Secreted Signaling
518,Il33,Il1rl1,Secreted Signaling
519,Il33,Il1rap,Secreted Signaling
520,Ebi3_Il12a,Il6st_Il12rb2,Secreted Signaling
521,Ebi3_Il12a,Il6st,Secreted Signaling
522,Ebi3_Il12a,Il12rb2,Secreted Signaling
523,Ebi3,Il6st_Il12rb2,Secreted Signaling
524,Ebi3,Il12rb2,Secreted Signaling
525,Il12a,Il6st_Il12rb2,Secreted Signaling
526,Il12a,Il6st,Secreted Signaling
527,Il1f10,Il1rl2_Il1rap,Secreted Signaling
528,Il1f10,Il1rl2,Secreted Signaling
529,Il1f10,Il1rap,Secreted Signaling
530,Il1f8,Il1rl2_Il1rap,Secreted Signaling
531,Il1f8,Il1rl2,Secreted Signaling
532,Il1f8,Il1rap,Secreted Signaling
533,Il1f9,Il1rl2_Il1rap,Secreted Signaling
534,Il1f9,Il1rl2,Secreted Signaling
535,Il1f9,Il1rap,Secreted Signaling
536,Il1f5,Il1rl2_Il1rap,Secreted Signaling
537,Il1f5,Il1rl2,Secreted Signaling
538,Il1f5,Il1rap,Secreted Signaling
539,Il1f6,Il1rl2_Il1rap,Secreted Signaling
540,Il1f6,Il1rl2,Secreted Signaling
541,Il1f6,Il1rap,Secreted Signaling
542,Il4,Il2rg_Il4ra,Secreted Signaling
543,Il4,Il2rg,Secreted Signaling
544,Il5,Csf2rb_Il5ra,Secreted Signaling
545,Il5,Csf2rb,Secreted Signaling
546,Il5,Il5ra,Secreted Signaling
547,Il6,Il6ra_Il6st,Secreted Signaling
548,Il6,Il6ra,Secreted Signaling
549,Il6,Il6st,Secreted Signaling
550,Il7,Il7r_Il2rg,Secreted Signaling
551,Il7,Il7r,Secreted Signaling
552,Il7,Il2rg,Secreted Signaling
553,Il9,Il9r_Il2rg,Secreted Signaling
554,Il9,Il9r,Secreted Signaling
555,Il9,Il2rg,Secreted Signaling
556,Osm,Lifr_Il6st,Secreted Signaling
557,Osm,Lifr,Secreted Signaling
558,Osm,Il6st,Secreted Signaling
559,Lif,Lifr_Il6st,Secreted Signaling
560,Lif,Lifr,Secreted Signaling
561,Lif,Il6st,Secreted Signaling
562,Agrn,Musk_Lrp4,Secreted Signaling
563,Agrn,Musk,Secreted Signaling
564,Agrn,Lrp4,Secreted Signaling
565,Tyr,Gpr143,Secreted Signaling
566,Lta4h,Gpr17,Secreted Signaling
567,Lta4h,Ltb4r1,Secreted Signaling
568,Lta4h,Ltb4r2,Secreted Signaling
569,Alox5ap_Alox5_Ltc4s,Gpr17,Secreted Signaling
570,Alox5ap,Gpr17,Secreted Signaling
571,Alox5,Gpr17,Secreted Signaling
572,Ltc4s,Gpr17,Secreted Signaling
573,Alox5ap_Alox5_Ltc4s,Cysltr2,Secreted Signaling
574,Alox5ap,Cysltr2,Secreted Signaling
575,Alox5,Cysltr2,Secreted Signaling
576,Ltc4s,Cysltr2,Secreted Signaling
577,Alox5ap_Alox5_Ltc4s,Cysltr1,Secreted Signaling
578,Alox5ap,Cysltr1,Secreted Signaling
579,Alox5,Cysltr1,Secreted Signaling
580,Ltc4s,Cysltr1,Secreted Signaling
581,Ggt1_Ggt5,Gpr17,Secreted Signaling
582,Ggt1,Gpr17,Secreted Signaling
583,Ggt5,Gpr17,Secreted Signaling
584,Ggt1_Ggt5,Cysltr2,Secreted Signaling
585,Ggt1,Cysltr2,Secreted Signaling
586,Ggt5,Cysltr2,Secreted Signaling
587,Ggt1_Ggt5,Cysltr1,Secreted Signaling
588,Ggt1,Cysltr1,Secreted Signaling
589,Ggt5,Cysltr1,Secreted Signaling
590,Dpep1,Cysltr1,Secreted Signaling
591,Dpep2,Cysltr1,Secreted Signaling
592,Dpep3,Cysltr1,Secreted Signaling
593,Alox12,Fpr2,Secreted Signaling
594,Alox12,Cysltr1,Secreted Signaling
595,Alox5_Alox5ap_Ltc4s,Fpr2,Secreted Signaling
596,Alox5,Fpr2,Secreted Signaling
597,Alox5ap,Fpr2,Secreted Signaling
598,Ltc4s,Fpr2,Secreted Signaling
599,Alox5_Alox5ap_Ltc4s,Cysltr1,Secreted Signaling
600,Amh,Amhr2_Bmpr1a,Secreted Signaling
601,Amh,Amhr2,Secreted Signaling
602,Amh,Bmpr1a,Secreted Signaling
603,Amh,Amhr2_Bmpr1b,Secreted Signaling
604,Amh,Bmpr1b,Secreted Signaling
605,Amh,Amhr2_Acvr1,Secreted Signaling
606,Amh,Acvr1,Secreted Signaling
607,Nodal,Acvr1b_Acvr2a_Cfc1,Secreted Signaling
608,Nodal,Acvr1b,Secreted Signaling
609,Nodal,Acvr2a,Secreted Signaling
610,Nodal,Cfc1,Secreted Signaling
611,Nodal,Acvr1b_Acvr2a_Tdgf1,Secreted Signaling
612,Nodal,Tdgf1,Secreted Signaling
613,Nodal,Acvr1b_Acvr2b_Cfc1,Secreted Signaling
614,Nodal,Acvr2b,Secreted Signaling
615,Nodal,Acvr1b_Acvr2b_Tdgf1,Secreted Signaling
616,Nodal,Acvr1c_Acvr2b_Cfc1,Secreted Signaling
617,Nodal,Acvr1c,Secreted Signaling
618,Nodal,Acvr1c_Acvr2b_Tdgf1,Secreted Signaling
619,Dbh,Adrb2,Secreted Signaling
620,Dbh,Adrb1,Secreted Signaling
621,Dbh,Adra2a,Secreted Signaling
622,Dbh,Adrb3,Secreted Signaling
623,Dbh,Adra2b,Secreted Signaling
624,Dbh,Adra2c,Secreted Signaling
625,Dbh,Adra1d,Secreted Signaling
626,Dbh,Adra1a,Secreted Signaling
627,Dbh,Adra1b,Secreted Signaling
628,Retn,Gpr25,Secreted Signaling
629,Ccl24,Ccr2,Secreted Signaling
630,Ccl24,Ccr3,Secreted Signaling
631,Tnfsf10,Tnfrsf10b,Secreted Signaling
632,Cort,Sstr1,Secreted Signaling
633,Cort,Sstr2,Secreted Signaling
634,Cort,Sstr4,Secreted Signaling
635,Cort,Sstr3,Secreted Signaling
636,Cort,Sstr5,Secreted Signaling
637,Cort,Ghsr,Secreted Signaling
638,Cort,Mrgprb1,Secreted Signaling
639,Agrp,Mc4r,Secreted Signaling
640,Agrp,Mc5r,Secreted Signaling
641,Agrp,Mc3r,Secreted Signaling
642,Tulp1,Tyro3,Secreted Signaling
643,Tnfrsf11b,Tnfsf11,Secreted Signaling
644,Ccl19,Ccrl2,Secreted Signaling
645,Rarres2,Ccrl2,Secreted Signaling
646,Agrn,Ncam1,Secreted Signaling
647,Agrn,Ptprs,Secreted Signaling
648,Dll1,Notch1,Cell-Cell Contact
649,Dll1,Notch2,Cell-Cell Contact
650,Dll1,Notch4,Cell-Cell Contact
651,Dll1,Notch3,Cell-Cell Contact
652,Cxcl16,Cxcr6,Secreted Signaling
653,Rnaset2a,Tlr8,Secreted Signaling
654,Ccl21a,Ccr7,Secreted Signaling
655,Ccl21a,Ackr4,Secreted Signaling
656,Ccl4,Ackr2,Secreted Signaling
657,Ccl12,Ackr2,Secreted Signaling
658,Ccl5,Ackr2,Secreted Signaling
659,Ccl11,Ackr2,Secreted Signaling
660,Ccl2,Ackr2,Secreted Signaling
661,Ccl28,Ackr2,Secreted Signaling
662,Ccl27b,Ackr2,Secreted Signaling
663,Ccl22,Dpp4,Secreted Signaling
664,Ccl22,Ccr4,Secreted Signaling
665,Wnt7a,Ldlr,Secreted Signaling
666,Nrg2,Erbb3,Secreted Signaling
667,Nrg2,Erbb4,Secreted Signaling
668,Vegfa,Nrp1,Secreted Signaling
669,Pgf,Nrp1,Secreted Signaling
670,Vegfb,Nrp1,Secreted Signaling
671,Sema3a,Nrp1,Secreted Signaling
672,Tnfsf11,Tnfrsf11a,Secreted Signaling
673,Mstn,Tgfbr1_Acvr2a,Secreted Signaling
674,Mstn,Tgfbr1,Secreted Signaling
675,Mstn,Acvr2a,Secreted Signaling
676,Mstn,Tgfbr1_Acvr2b,Secreted Signaling
677,Tnfsf13,Tnfrsf13b,Secreted Signaling
678,Cd70,Tnfrsf13b,Secreted Signaling
679,Tnfsf13b,Tnfrsf13b,Secreted Signaling
680,Ereg,Egfr,Secreted Signaling
681,Ereg,Erbb4,Secreted Signaling
682,Ptn,Plxnb2,Secreted Signaling
683,Plxnb2,Sema4d,Cell-Cell Contact
684,Plxnb2,Sema4c,Cell-Cell Contact
685,Plxnb2,Sema4g,Cell-Cell Contact
686,Sema3e,Plxnd1,Secreted Signaling
687,Angpt2,Tek,Secreted Signaling
688,Efnb2,Ephb6,Cell-Cell Contact
689,Efnb1,Ephb6,Cell-Cell Contact
690,Efnb3,Ephb6,Cell-Cell Contact
691,Vgf,Ntrk1,Secreted Signaling
692,Psap,Gpr37,Secreted Signaling
693,Il16,Grin2d,Secreted Signaling
694,Ccl25,Ccr9,Secreted Signaling
695,Ccl25,Ackr4,Secreted Signaling
696,Fgf10,Fgfr2,Secreted Signaling
697,Bmp10,Ffar2,Secreted Signaling
698,Tnf,Ffar2,Secreted Signaling
699,Fam3c,Ffar2,Secreted Signaling
700,Plxnb1,Sema4d,Secreted Signaling
701,Dhh,Ptch1_Boc,Secreted Signaling
702,Dhh,Ptch1,Secreted Signaling
703,Dhh,Boc,Secreted Signaling
704,Dhh,Ptch1_Cdon,Secreted Signaling
705,Dhh,Cdon,Secreted Signaling
706,Dhh,Ptch1_Gas1,Secreted Signaling
707,Dhh,Gas1,Secreted Signaling
708,Tnfsf12,Tnfrsf25,Secreted Signaling
709,Tnfsf12,Tnfrsf12a,Secreted Signaling
710,Tnfsf14,Ltbr,Secreted Signaling
711,Tnfsf14,Tnfrsf14,Secreted Signaling
712,Hcrt,Hcrtr1,Secreted Signaling
713,Hcrt,Hcrtr2,Secreted Signaling
714,Tyrobp,Cd44,Cell-Cell Contact
715,Vegfd,Flt4,Secreted Signaling
716,Vegfd,Kdr,Secreted Signaling
717,Efna2,Epha1,Cell-Cell Contact
718,Efna2,Epha2,Cell-Cell Contact
719,Efna2,Epha3,Cell-Cell Contact
720,Efna2,Epha8,Cell-Cell Contact
721,Efna2,Epha5,Cell-Cell Contact
722,Efna2,Epha4,Cell-Cell Contact
723,Efna2,Epha7,Cell-Cell Contact
724,Cxcl13,Cxcr5,Secreted Signaling
725,Cxcl13,Ackr4,Secreted Signaling
726,Fgf17,Fgfr2,Secreted Signaling
727,Fgf17,Fgfr3,Secreted Signaling
728,Gdf9,Tgfbr1_Bmpr2,Secreted Signaling
729,Gdf9,Tgfbr1,Secreted Signaling
730,Gdf9,Bmpr2,Secreted Signaling
731,Vegfa,Nrp2,Secreted Signaling
732,Pgf,Nrp2,Secreted Signaling
733,Sema3f,Nrp2,Secreted Signaling
734,Sema3c,Nrp2,Secreted Signaling
735,Plxnc1,Sema7a,Cell-Cell Contact
736,Pspn,Ret_Gfra4,Secreted Signaling
737,Pspn,Ret,Secreted Signaling
738,Pspn,Gfra4,Secreted Signaling
739,Psap,Gpr37l1,Secreted Signaling
740,Adm,Ramp3,Secreted Signaling
741,Slit1,Robo1,Secreted Signaling
742,Icosl,Icos,Cell-Cell Contact
743,Dkk1,Lrp5,Secreted Signaling
744,Sostdc1,Lrp5,Secreted Signaling
745,Sema7a,Itgb1_Itga1,Cell-Cell Contact
746,Sema7a,Itgb1,Cell-Cell Contact
747,Sema7a,Itga1,Cell-Cell Contact
748,Cyp11a1_Fdx2_Fdx1_Fdxr,Nr1i2,Secreted Signaling
749,Cyp11a1,Nr1i2,Secreted Signaling
750,Fdx2,Nr1i2,Secreted Signaling
751,Fdx1,Nr1i2,Secreted Signaling
752,Fdxr,Nr1i2,Secreted Signaling
753,Rspo4,Lgr5,Secreted Signaling
754,Rspo1,Lgr5,Secreted Signaling
755,Rspo2,Lgr5,Secreted Signaling
756,Rspo3,Lgr5,Secreted Signaling
757,Tnfrsf21,App,Cell-Cell Contact
758,Dkk1,Lrp6,Secreted Signaling
759,Sostdc1,Lrp6,Secreted Signaling
760,Dkk2,Lrp6,Secreted Signaling
761,Ren1,Atp6ap2,Secreted Signaling
762,Tnfsf13,Tnfrsf1a,Secreted Signaling
763,Tnfsf13,Fas,Secreted Signaling
764,Tnfsf13,Tnfrsf17,Secreted Signaling
765,Tnfsf13,Tnfrsf14,Secreted Signaling
766,Fgf18,Fgfr2,Secreted Signaling
767,Fgf18,Fgfr3,Secreted Signaling
768,Slit2,Robo2,Secreted Signaling
769,Slit2,Robo1,Secreted Signaling
770,Tnfsf15,Tnfrsf25,Secreted Signaling
771,Ntn1,Unc5c,Secreted Signaling
772,Ddc,Htr3b,Secreted Signaling
773,Gdf11,Antxr1,Secreted Signaling
774,Gdf11,Tgfbr1_Acvr2a,Secreted Signaling
775,Gdf11,Tgfbr1,Secreted Signaling
776,Gdf11,Tgfbr1_Acvr2b,Secreted Signaling
777,Bmp10,Gpr152,Secreted Signaling
778,Bmp10,Vsir,Secreted Signaling
779,Uts2,Uts2r,Secreted Signaling
780,Ntn1,Dcc,Secreted Signaling
781,Ntn1,Unc5a,Secreted Signaling
782,Ntn1,Unc5b,Secreted Signaling
783,Cxcl14,Cxcr4,Secreted Signaling
784,Crtam,Cadm1,Cell-Cell Contact
785,Fgf15,Nr1h4,Secreted Signaling
786,Ccl5,Gpr75,Secreted Signaling
787,Cer1,Mrc2,Secreted Signaling
788,Cd160,Tnfrsf14,Cell-Cell Contact
789,Osm,Osmr_Il6st,Secreted Signaling
790,Osm,Osmr,Secreted Signaling
791,Egf,Egfr,Secreted Signaling
792,Tgfa,Egfr,Secreted Signaling
793,Tgfb1,Egfr,Secreted Signaling
794,Mif,Egfr,Secreted Signaling
795,Areg,Egfr,Secreted Signaling
796,Cntf,Egfr,Secreted Signaling
797,Grn,Egfr,Secreted Signaling
798,Btc,Egfr,Secreted Signaling
799,Epgn,Egfr,Secreted Signaling
800,Hbegf,Egfr,Secreted Signaling
801,F2,Thbd,Secreted Signaling
802,F2,Itga2b_Itgb3,Secreted Signaling
803,F2,Itga2b,Secreted Signaling
804,F2,Itgb3,Secreted Signaling
805,F2,Itgav_Itgb3,Secreted Signaling
806,F2,Itgav,Secreted Signaling
807,F10,Itgb2_Itgam,Secreted Signaling
808,F10,Itgb2,Secreted Signaling
809,F10,Itgam,Secreted Signaling
810,Plg,Itga2b_Itgb3,Secreted Signaling
811,Plg,Itga2b,Secreted Signaling
812,Plg,Itgb3,Secreted Signaling
813,Plau,Plaur,Secreted Signaling
814,Agt,Agtr1a,Secreted Signaling
815,Agt,Agtr2,Secreted Signaling
816,C3,C3ar1,Secreted Signaling
817,C3,C5ar2,Secreted Signaling
818,C3,Itgb2_Itgam,Secreted Signaling
819,C3,Itgb2,Secreted Signaling
820,C3,Itgam,Secreted Signaling
821,Hc,C5ar1,Secreted Signaling
822,Hc,C5ar2,Secreted Signaling
823,Timp1,Fgfr2,Secreted Signaling
824,Kng1,Bdkrb2,Secreted Signaling
825,Kng1,Bdkrb1,Secreted Signaling
826,Kng1,Rxfp4,Secreted Signaling
827,Pdgfb,Pdgfrb,Secreted Signaling
828,Pdgfb,Pdgfra,Secreted Signaling
829,Pdgfb,Pdgfra_Pdgfrb,Secreted Signaling
830,Pdgfb,Lrp1,Secreted Signaling
831,Pdgfb,Adgrv1,Secreted Signaling
832,Tgfb1,Ar,Secreted Signaling
833,Tgfb1,Vdr,Secreted Signaling
834,Tgfb1,Tgfbr3,Secreted Signaling
835,Tgfb1,Tgfbr1_Tgfbr2,Secreted Signaling
836,Tgfb1,Tgfbr1,Secreted Signaling
837,Tgfb1,Tgfbr2,Secreted Signaling
838,Tgfb1,Tgfbr2_Acvr1,Secreted Signaling
839,Tgfb1,Acvr1,Secreted Signaling
840,Tgfb1,Itgav_Itgb6,Secreted Signaling
841,Tgfb1,Itgav,Secreted Signaling
842,Tgfb1,Itgb6,Secreted Signaling
843,Ngf,Ntrk1,Secreted Signaling
844,Ngf,Ngfr,Secreted Signaling
845,Ngf,Sort1,Secreted Signaling
846,Gnrh1,Gnrhr,Secreted Signaling
847,Nppa,Esr1,Secreted Signaling
848,Nppa,Npr1,Secreted Signaling
849,Nppa,Npr3,Secreted Signaling
850,Nppa,Npr2,Secreted Signaling
851,Nppa,Rorb,Secreted Signaling
852,Oxt,Oxtr,Secreted Signaling
853,Oxt,Esr2,Secreted Signaling
854,Avp,Avpr2,Secreted Signaling
855,Avp,Oxtr,Secreted Signaling
856,Avp,Avpr1a,Secreted Signaling
857,Avp,Avpr1b,Secreted Signaling
858,Pomc,Mc4r,Secreted Signaling
859,Pomc,Mc5r,Secreted Signaling
860,Pomc,Oprm1,Secreted Signaling
861,Pomc,Oprd1,Secreted Signaling
862,Pomc,Oprk1,Secreted Signaling
863,Pomc,Mc3r,Secreted Signaling
864,Pomc,Mc2r,Secreted Signaling
865,Pomc,Mc1r,Secreted Signaling
866,Penk,Oprm1,Secreted Signaling
867,Penk,Oprd1,Secreted Signaling
868,Penk,Oprk1,Secreted Signaling
869,Penk,Mrgprb2,Secreted Signaling
870,Pdyn,Oprm1,Secreted Signaling
871,Pdyn,Oprd1,Secreted Signaling
872,Pdyn,Oprk1,Secreted Signaling
873,Prl,Prlr,Secreted Signaling
874,Pth,Pth2r,Secreted Signaling
875,Pth,Pth1r,Secreted Signaling
876,Vip,Dpp4,Secreted Signaling
877,Vip,Vipr1,Secreted Signaling
878,Vip,Avpr1a,Secreted Signaling
879,Vip,Vipr2,Secreted Signaling
880,Ghrh,Vipr1,Secreted Signaling
881,Ghrh,Ghrhr,Secreted Signaling
882,Ppy,Npy5r,Secreted Signaling
883,Ins2,Insr,Secreted Signaling
884,Ins2,Ide,Secreted Signaling
885,Igf2,Igf1r,Secreted Signaling
886,Igf2,Igf2r,Secreted Signaling
887,Igf2,Ide,Secreted Signaling
888,Igf2,Gpr152,Secreted Signaling
889,Gast,Cckbr,Secreted Signaling
890,Gast,Gpr152,Secreted Signaling
891,Lta,Tnfrsf1a,Secreted Signaling
892,Lta,Tnfrsf1b,Secreted Signaling
893,Lta,Ltbr,Secreted Signaling
894,Lta,Ripk1,Secreted Signaling
895,Lta,Tnfrsf14,Secreted Signaling
896,Tnf,Tnfrsf1a,Secreted Signaling
897,Tnf,Tnfrsf1b,Secreted Signaling
898,Tnf,Fas,Secreted Signaling
899,Tnf,Flt4,Secreted Signaling
900,Tnf,Notch1,Secreted Signaling
901,Tnf,Ptprs,Secreted Signaling
902,Tnf,Ripk1,Secreted Signaling
903,Tnf,Dag1,Secreted Signaling
904,Tnf,Sema4c,Secreted Signaling
905,Tnf,Vsir,Secreted Signaling
906,Tnf,Celsr2,Secreted Signaling
907,Tnf,Icos,Secreted Signaling
908,Ifnb1,Ifnar1_Ifnar2,Secreted Signaling
909,Ifnb1,Ifnar1,Secreted Signaling
910,Ifnb1,Ifnar2,Secreted Signaling
911,Ifng,Ifngr1_Ifngr2,Secreted Signaling
912,Ifng,Ifngr1,Secreted Signaling
913,Ifng,Ifngr2,Secreted Signaling
914,Il1b,Adrb2,Secreted Signaling
915,Epo,Epor,Secreted Signaling
916,Epo,Efnb2,Secreted Signaling
917,Epo,Ephb4,Secreted Signaling
918,Col1a1,Itgb1_Itga10,Secreted Signaling
919,Col1a1,Itgb1,Secreted Signaling
920,Col1a1,Itga10,Secreted Signaling
921,Col1a1,Itgb1_Itga11,Secreted Signaling
922,Col1a1,Itga11,Secreted Signaling
923,Col1a1,Itgb1_Itga1,Secreted Signaling
924,Col1a1,Itga1,Secreted Signaling
925,Col1a1,Itgb1_Itga2,Secreted Signaling
926,Col1a1,Itga2,Secreted Signaling
927,Col2a1,Itgb1_Itga10,Secreted Signaling
928,Col2a1,Itgb1,Secreted Signaling
929,Col2a1,Itga10,Secreted Signaling
930,Col2a1,Itgb1_Itga11,Secreted Signaling
931,Col2a1,Itga11,Secreted Signaling
932,Col2a1,Itgb1_Itga1,Secreted Signaling
933,Col2a1,Itga1,Secreted Signaling
934,Col2a1,Itgb1_Itga2,Secreted Signaling
935,Col2a1,Itga2,Secreted Signaling
936,Col3a1,Itgb1_Itga10,Secreted Signaling
937,Col3a1,Itgb1,Secreted Signaling
938,Col3a1,Itga10,Secreted Signaling
939,Col3a1,Itgb1_Itga11,Secreted Signaling
940,Col3a1,Itga11,Secreted Signaling
941,Col3a1,Itgb1_Itga1,Secreted Signaling
942,Col3a1,Itga1,Secreted Signaling
943,Col3a1,Itgb1_Itga2,Secreted Signaling
944,Col3a1,Itga2,Secreted Signaling
945,Col4a1,Itgb1_Itga10,Secreted Signaling
946,Col4a1,Itgb1,Secreted Signaling
947,Col4a1,Itga10,Secreted Signaling
948,Col4a1,Itgb1_Itga11,Secreted Signaling
949,Col4a1,Itga11,Secreted Signaling
950,Col4a1,Itgb1_Itga1,Secreted Signaling
951,Col4a1,Itga1,Secreted Signaling
952,Col4a1,Itgb1_Itga2,Secreted Signaling
953,Col4a1,Itga2,Secreted Signaling
954,Apoa1,Trem2_Tyrobp,Secreted Signaling
955,Apoa1,Trem2,Secreted Signaling
956,Apoa1,Tyrobp,Secreted Signaling
957,Apoe,Trem2_Tyrobp,Secreted Signaling
958,Apoe,Trem2,Secreted Signaling
959,Apoe,Tyrobp,Secreted Signaling
960,Apoa2,Trem2_Tyrobp,Secreted Signaling
961,Apoa2,Trem2,Secreted Signaling
962,Apoa2,Tyrobp,Secreted Signaling
963,Fn1,Itgb1_Itga10,Secreted Signaling
964,Fn1,Itgb1,Secreted Signaling
965,Fn1,Itga10,Secreted Signaling
966,Fn1,Itgb1_Itga11,Secreted Signaling
967,Fn1,Itga11,Secreted Signaling
968,Fn1,Itga2b_Itgb3,Secreted Signaling
969,Fn1,Itga2b,Secreted Signaling
970,Fn1,Itgb3,Secreted Signaling
971,Fn1,Itgb1_Itga2,Secreted Signaling
972,Fn1,Itga2,Secreted Signaling
973,Fn1,Itgb1_Itga3,Secreted Signaling
974,Fn1,Itga3,Secreted Signaling
975,Fn1,Itgb1_Itga4,Secreted Signaling
976,Fn1,Itga4,Secreted Signaling
977,Fn1,Itgb7_Itga4,Secreted Signaling
978,Fn1,Itgb7,Secreted Signaling
979,Fn1,Itgb1_Itga5,Secreted Signaling
980,Fn1,Itga5,Secreted Signaling
981,Fn1,Itgb1_Itga8,Secreted Signaling
982,Fn1,Itga8,Secreted Signaling
983,Fn1,Itgb1_Itgav,Secreted Signaling
984,Fn1,Itgav,Secreted Signaling
985,Fn1,Itgav_Itgb3,Secreted Signaling
986,Fn1,Itgb5_Itgav,Secreted Signaling
987,Fn1,Itgb5,Secreted Signaling
988,Rbp4,Stra6,Secreted Signaling
989,Ttr,Ngfr,Secreted Signaling
990,Ttr,Ddr1,Secreted Signaling
991,Ttr,Ager,Secreted Signaling
992,Pf4,Cxcr3,Secreted Signaling
993,Pf4,Ackr1,Secreted Signaling
994,Cxcl10,Dpp4,Secreted Signaling
995,Cxcl10,Cxcr3,Secreted Signaling
996,Trf,Tfrc,Secreted Signaling
997,Tfrc,Hfe,Cell-Cell Contact
998,Tnfsf13b,Tfrc,Secreted Signaling
999,Trf,Tfr2,Secreted Signaling
1000,Tff1,Esr1,Secreted Signaling
1001,Bdnf,Esr1,Secreted Signaling
1002,Il25,Esr1,Secreted Signaling
1003,Vtn,Itga2b_Itgb3,Secreted Signaling
1004,Vtn,Itga2b,Secreted Signaling
1005,Vtn,Itgb3,Secreted Signaling
1006,Vtn,Itgb1_Itgav,Secreted Signaling
1007,Vtn,Itgb1,Secreted Signaling
1008,Vtn,Itgav,Secreted Signaling
1009,Vtn,Itgav_Itgb3,Secreted Signaling
1010,Proc,Procr,Secreted Signaling
1011,Anxa1,Fpr1,Secreted Signaling
1012,Anxa1,Fpr2,Secreted Signaling
1013,Pdgfa,Pdgfra,Secreted Signaling
1014,Apob,Apobr,Secreted Signaling
1015,Apob,Trem2_Tyrobp,Secreted Signaling
1016,Apob,Trem2,Secreted Signaling
1017,Apob,Tyrobp,Secreted Signaling
1018,Csf2,Nr3c1,Secreted Signaling
1019,Csf2,Csf1r,Secreted Signaling
1020,Il5,Nr3c1,Secreted Signaling
1021,Ccl12,Nr3c1,Secreted Signaling
1022,Il10,Nr3c1,Secreted Signaling
1023,Fasl,Nr3c1,Secreted Signaling
1024,Ccl11,Nr3c1,Secreted Signaling
1025,Tff1,Fgfr2,Secreted Signaling
1026,Tff1,Esr2,Secreted Signaling
1027,Thy1,Itgb2_Itgam,Cell-Cell Contact
1028,Thy1,Itgb2,Cell-Cell Contact
1029,Thy1,Itgam,Cell-Cell Contact
1030,Thy1,Itgav_Itgb3,Cell-Cell Contact
1031,Thy1,Itgav,Cell-Cell Contact
1032,Thy1,Itgb3,Cell-Cell Contact
1033,Thy1,Itgax_Itgb2,Cell-Cell Contact
1034,Thy1,Itgax,Cell-Cell Contact
1035,Cd74,App,Cell-Cell Contact
1036,Mif,Cd74,Secreted Signaling
1037,Vwf,Itgav_Itgb3,Secreted Signaling
1038,Vwf,Itgav,Secreted Signaling
1039,Vwf,Itgb3,Secreted Signaling
1040,Hbegf,Erbb2,Secreted Signaling
1041,Wnt1,Cd36,Secreted Signaling
1042,Ntf3,Ntrk1,Secreted Signaling
1043,Grn,Ntrk1,Secreted Signaling
1044,Nampt,Ntrk1,Secreted Signaling
1045,Rln1,Ar,Secreted Signaling
1046,Rln1,Rxfp2,Secreted Signaling
1047,Rln1,Rxfp1,Secreted Signaling
1048,Ifna1,Ifnar1_Ifnar2,Secreted Signaling
1049,Ifna1,Ifnar1,Secreted Signaling
1050,Ifna1,Ifnar2,Secreted Signaling
1051,Igf1,Itgb4_Itga6,Secreted Signaling
1052,Igf1,Itgb4,Secreted Signaling
1053,Igf1,Itga6,Secreted Signaling
1054,Igf1,Itgav_Itgb3,Secreted Signaling
1055,Igf1,Itgav,Secreted Signaling
1056,Igf1,Itgb3,Secreted Signaling
1057,App,Fpr2,Cell-Cell Contact
1058,App,Sorl1,Cell-Cell Contact
1059,App,Trem2_Tyrobp,Cell-Cell Contact
1060,App,Trem2,Cell-Cell Contact
1061,App,Tyrobp,Cell-Cell Contact
1062,Il4,Il13ra2,Secreted Signaling
1063,Fgf1,Fgfr1,Secreted Signaling
1064,Fgf1,Fgfr2,Secreted Signaling
1065,Fgf1,Fgfr4,Secreted Signaling
1066,Fgf1,Fgfr3,Secreted Signaling
1067,Fgf1,Tgfbr3,Secreted Signaling
1068,Fgf1,Itgav_Itgb3,Secreted Signaling
1069,Fgf1,Itgav,Secreted Signaling
1070,Fgf1,Itgb3,Secreted Signaling
1071,Il6,Hrh1,Secreted Signaling
1072,Areg,Icam1,Secreted Signaling
1073,Icam1,Spn,Cell-Cell Contact
1074,Icam1,Itgal,Cell-Cell Contact
1075,Icam1,Itgb2_Itgal,Cell-Cell Contact
1076,Icam1,Itgb2,Cell-Cell Contact
1077,Icam1,Itgb2_Itgam,Cell-Cell Contact
1078,Icam1,Itgam,Cell-Cell Contact
1079,Icam1,Itgax_Itgb2,Cell-Cell Contact
1080,Icam1,Itgax,Cell-Cell Contact
1081,Col5a2,Itgb1_Itga10,Secreted Signaling
1082,Col5a2,Itgb1,Secreted Signaling
1083,Col5a2,Itga10,Secreted Signaling
1084,Col5a2,Itgb1_Itga11,Secreted Signaling
1085,Col5a2,Itga11,Secreted Signaling
1086,Col5a2,Itgb1_Itga1,Secreted Signaling
1087,Col5a2,Itga1,Secreted Signaling
1088,Col5a2,Itgb1_Itga2,Secreted Signaling
1089,Col5a2,Itga2,Secreted Signaling
1090,Cck,Cckar,Secreted Signaling
1091,Cck,Cckbr,Secreted Signaling
1092,Fcer2a,Cr2,Secreted Signaling
1093,Fcer2a,Itgb2_Itgam,Secreted Signaling
1094,Fcer2a,Itgb2,Secreted Signaling
1095,Fcer2a,Itgam,Secreted Signaling
1096,Fcer2a,Itgav_Itgb3,Secreted Signaling
1097,Fcer2a,Itgav,Secreted Signaling
1098,Fcer2a,Itgb3,Secreted Signaling
1099,Fcer2a,Itgax_Itgb2,Secreted Signaling
1100,Fcer2a,Itgax,Secreted Signaling
1101,Crh,Crhr1,Secreted Signaling
1102,Crh,Crhr2,Secreted Signaling
1103,Pros1,Axl,Secreted Signaling
1104,Pros1,Tyro3,Secreted Signaling
1105,Adipoq,Asgr2,Secreted Signaling
1106,Csf1,Csf1r,Secreted Signaling
1107,Csf3,Csf1r,Secreted Signaling
1108,Il34,Csf1r,Secreted Signaling
1109,Gp1ba,Itgb2_Itgam,Cell-Cell Contact
1110,Gp1ba,Itgb2,Cell-Cell Contact
1111,Gp1ba,Itgam,Cell-Cell Contact
1112,Grp,Grpr,Secreted Signaling
1113,Vegfb,Adrb2,Secreted Signaling
1114,Col1a2,Itgb1_Itga10,Secreted Signaling
1115,Col1a2,Itgb1,Secreted Signaling
1116,Col1a2,Itga10,Secreted Signaling
1117,Col1a2,Itgb1_Itga11,Secreted Signaling
1118,Col1a2,Itga11,Secreted Signaling
1119,Col1a2,Itgb1_Itga1,Secreted Signaling
1120,Col1a2,Itga1,Secreted Signaling
1121,Col1a2,Itgb1_Itga2,Secreted Signaling
1122,Col1a2,Itga2,Secreted Signaling
1123,Ntf3,Ngfr,Secreted Signaling
1124,Bdnf,Ngfr,Secreted Signaling
1125,Ntf5,Ngfr,Secreted Signaling
1126,Il2,Ngfr,Secreted Signaling
1127,Cd55,Adgre5,Cell-Cell Contact
1128,Mmp2,Itgav_Itgb3,Secreted Signaling
1129,Mmp2,Itgav,Secreted Signaling
1130,Mmp2,Itgb3,Secreted Signaling
1131,Col4a2,Itgb1_Itga10,Secreted Signaling
1132,Col4a2,Itgb1,Secreted Signaling
1133,Col4a2,Itga10,Secreted Signaling
1134,Col4a2,Itgb1_Itga11,Secreted Signaling
1135,Col4a2,Itga11,Secreted Signaling
1136,Col4a2,Itgb1_Itga1,Secreted Signaling
1137,Col4a2,Itga1,Secreted Signaling
1138,Col4a2,Itgb1_Itga2,Secreted Signaling
1139,Col4a2,Itga2,Secreted Signaling
1140,Ptprc,Cd22,Cell-Cell Contact
1141,Ptprc,Mrc1,Cell-Cell Contact
1142,Ptprc,Sema4d,Cell-Cell Contact
1143,Hgf,Met,Secreted Signaling
1144,Fgf4,Fgfr1,Secreted Signaling
1145,Fgf4,Fgfr2,Secreted Signaling
1146,Fgf4,Fgfr3,Secreted Signaling
1147,Ddc,Htr1a,Secreted Signaling
1148,Nmb,Nmbr,Secreted Signaling
1149,Fgf2,Fgfr1,Secreted Signaling
1150,Fgf2,Cd44,Secreted Signaling
1151,Fgf2,Fgfr2,Secreted Signaling
1152,Fgf2,Fgfr4,Secreted Signaling
1153,Fgf2,Fgfr3,Secreted Signaling
1154,Fgf2,Fgfrl1,Secreted Signaling
1155,Fgf2,Itgav_Itgb3,Secreted Signaling
1156,Fgf2,Itgav,Secreted Signaling
1157,Fgf2,Itgb3,Secreted Signaling
1158,Cd48,Cd244a,Cell-Cell Contact
1159,Csf1,Slc7a1,Secreted Signaling
1160,Csf1,Sirpa,Secreted Signaling
1161,Csf1,Celsr3,Secreted Signaling
1162,Pdgfd,Pdgfrb,Secreted Signaling
1163,Gip,Dpp4,Secreted Signaling
1164,Gip,Gipr,Secreted Signaling
1165,Csf3,Csf3r,Secreted Signaling
1166,C4a,C5ar2,Secreted Signaling
1167,Nps,Npsr1,Secreted Signaling
1168,Saa1,Fpr2,Secreted Signaling
1169,Adora3,Entpd1,Cell-Cell Contact
1170,Pyy,Npy1r,Secreted Signaling
1171,Pyy,Dpp4,Secreted Signaling
1172,Pyy,Npy2r,Secreted Signaling
1173,Pyy,Npy5r,Secreted Signaling
1174,Calca,Calcrl_Ramp1,Secreted Signaling
1175,Calca,Calcrl,Secreted Signaling
1176,Calca,Ramp1,Secreted Signaling
1177,Spp1,Cd44,Secreted Signaling
1178,Spp1,Ptger4,Secreted Signaling
1179,Spp1,Ccr8,Secreted Signaling
1180,Spp1,Itgb1_Itga4,Secreted Signaling
1181,Spp1,Itgb1,Secreted Signaling
1182,Spp1,Itga4,Secreted Signaling
1183,Spp1,Itgb1_Itga9,Secreted Signaling
1184,Spp1,Itga9,Secreted Signaling
1185,Spp1,Itgav_Itgb3,Secreted Signaling
1186,Spp1,Itgav,Secreted Signaling
1187,Spp1,Itgb3,Secreted Signaling
1188,Tgfb3,Tgfbr3,Secreted Signaling
1189,Tgfb3,Tgfbr1_Tgfbr2,Secreted Signaling
1190,Tgfb3,Tgfbr1,Secreted Signaling
1191,Tgfb3,Tgfbr2,Secreted Signaling
1192,Tgfb3,Tgfbr2_Acvr1,Secreted Signaling
1193,Tgfb3,Acvr1,Secreted Signaling
1194,Tgfb3,Itgav_Itgb6,Secreted Signaling
1195,Tgfb3,Itgav,Secreted Signaling
1196,Tgfb3,Itgb6,Secreted Signaling
1197,Tgfb3,Itgb8_Itgav,Secreted Signaling
1198,Tgfb3,Itgb8,Secreted Signaling
1199,Kitl,Kit,Secreted Signaling
1200,Cd28,Cd80,Cell-Cell Contact
1201,Cd28,Cd86,Cell-Cell Contact
1202,Fgf6,Fgfr1,Secreted Signaling
1203,Fgf6,Fgfr2,Secreted Signaling
1204,Fgf6,Fgfr3,Secreted Signaling
1205,Dio3_Tg,Thra,Secreted Signaling
1206,Dio3,Thra,Secreted Signaling
1207,Tg,Thra,Secreted Signaling
1208,Clu,Trem2_Tyrobp,Secreted Signaling
1209,Clu,Trem2,Secreted Signaling
1210,Clu,Tyrobp,Secreted Signaling
1211,Iapp,Ide,Secreted Signaling
1212,Lamc1,Itgb1_Itga2,Secreted Signaling
1213,Lamc1,Itgb1,Secreted Signaling
1214,Lamc1,Itga2,Secreted Signaling
1215,Lamc1,Itgb1_Itga6,Secreted Signaling
1216,Lamc1,Itga6,Secreted Signaling
1217,Lamc1,Itgb1_Itga7,Secreted Signaling
1218,Lamc1,Itga7,Secreted Signaling
1219,Lamc1,Itgav_Itgb3,Secreted Signaling
1220,Lamc1,Itgav,Secreted Signaling
1221,Lamc1,Itgb3,Secreted Signaling
1222,Fam3c,Lamp1,Secreted Signaling
1223,Fgf5,Fgfr1,Secreted Signaling
1224,Ncam1,Fgfr1,Secreted Signaling
1225,Hbegf,Vdr,Secreted Signaling
1226,Fgf3,Fgfr2,Secreted Signaling
1227,Fgf3,Fgfr3,Secreted Signaling
1228,Fgf5,Fgfr2,Secreted Signaling
1229,Fgf5,Fgfr3,Secreted Signaling
1230,Col11a1,Itgb1_Itga10,Secreted Signaling
1231,Col11a1,Itgb1,Secreted Signaling
1232,Col11a1,Itga10,Secreted Signaling
1233,Col11a1,Itgb1_Itga11,Secreted Signaling
1234,Col11a1,Itga11,Secreted Signaling
1235,Col11a1,Itgb1_Itga1,Secreted Signaling
1236,Col11a1,Itga1,Secreted Signaling
1237,Col11a1,Itgb1_Itga2,Secreted Signaling
1238,Col11a1,Itga2,Secreted Signaling
1239,Col6a1,Itgb1_Itga10,Secreted Signaling
1240,Col6a1,Itgb1,Secreted Signaling
1241,Col6a1,Itga10,Secreted Signaling
1242,Col6a1,Itgb1_Itga11,Secreted Signaling
1243,Col6a1,Itga11,Secreted Signaling
1244,Col6a1,Itgb1_Itga1,Secreted Signaling
1245,Col6a1,Itga1,Secreted Signaling
1246,Col6a1,Itgb1_Itga2,Secreted Signaling
1247,Col6a1,Itga2,Secreted Signaling
1248,Col6a2,Itgb1_Itga10,Secreted Signaling
1249,Col6a2,Itgb1,Secreted Signaling
1250,Col6a2,Itga10,Secreted Signaling
1251,Col6a2,Itgb1_Itga11,Secreted Signaling
1252,Col6a2,Itga11,Secreted Signaling
1253,Col6a2,Itgb1_Itga1,Secreted Signaling
1254,Col6a2,Itga1,Secreted Signaling
1255,Col6a2,Itgb1_Itga2,Secreted Signaling
1256,Col6a2,Itga2,Secreted Signaling
1257,Col6a3,Itgb1_Itga10,Secreted Signaling
1258,Col6a3,Itgb1,Secreted Signaling
1259,Col6a3,Itga10,Secreted Signaling
1260,Col6a3,Itgb1_Itga11,Secreted Signaling
1261,Col6a3,Itga11,Secreted Signaling
1262,Col6a3,Itgb1_Itga1,Secreted Signaling
1263,Col6a3,Itga1,Secreted Signaling
1264,Col6a3,Itgb1_Itga2,Secreted Signaling
1265,Col6a3,Itga2,Secreted Signaling
1266,Pthlh,Pth2r,Secreted Signaling
1267,Pthlh,Prlhr,Secreted Signaling
1268,Pthlh,Pth1r,Secreted Signaling
1269,Bmp2,Smo,Secreted Signaling
1270,Cdh1,Klrg1,Cell-Cell Contact
1271,Cdh1,Itgb1_Itga2,Cell-Cell Contact
1272,Cdh1,Itgb1,Cell-Cell Contact
1273,Cdh1,Itga2,Cell-Cell Contact
1274,Cdh1,Itgb7_Itgae,Cell-Cell Contact
1275,Cdh1,Itgb7,Cell-Cell Contact
1276,Cdh1,Itgae,Cell-Cell Contact
1277,Ccl4,Slc7a1,Secreted Signaling
1278,Ccl4,Cnr2,Secreted Signaling
1279,Ccl4,Ccr5,Secreted Signaling
1280,Ccl4,Ccr8,Secreted Signaling
1281,Ccl4,Gpr152,Secreted Signaling
1282,Ccl4,Gprc5d,Secreted Signaling
1283,Ccl12,Ccr2,Secreted Signaling
1284,Ccl12,Ccr10,Secreted Signaling
1285,Ccl12,Ackr1,Secreted Signaling
1286,Ccl5,Ccr1,Secreted Signaling
1287,Ccl5,Ccr3,Secreted Signaling
1288,Ccl5,Ccr4,Secreted Signaling
1289,Ccl5,Ccr5,Secreted Signaling
1290,Ccl5,Ackr1,Secreted Signaling
1291,Ccl5,Ackr4,Secreted Signaling
1292,Bdnf,Ncam1,Secreted Signaling
1293,Gdnf,Ncam1,Secreted Signaling
1294,Icam2,Cd209e,Cell-Cell Contact
1295,Icam2,Itgb2_Itgal,Cell-Cell Contact
1296,Icam2,Itgb2,Cell-Cell Contact
1297,Icam2,Itgal,Cell-Cell Contact
1298,Ceacam1,Sele,Cell-Cell Contact
1299,Ceacam1,Cd209e,Secreted Signaling
1300,H2-T23,Klrc1,Cell-Cell Contact
1301,Col11a2,Itgb1_Itga10,Secreted Signaling
1302,Col11a2,Itgb1,Secreted Signaling
1303,Col11a2,Itga10,Secreted Signaling
1304,Col11a2,Itgb1_Itga11,Secreted Signaling
1305,Col11a2,Itga11,Secreted Signaling
1306,Col11a2,Itgb1_Itga1,Secreted Signaling
1307,Col11a2,Itga1,Secreted Signaling
1308,Col11a2,Itgb1_Itga2,Secreted Signaling
1309,Col11a2,Itga2,Secreted Signaling
1310,Sell,Cd34,Cell-Cell Contact
1311,Sell,Selplg,Cell-Cell Contact
1312,Sell,Podxl2,Cell-Cell Contact
1313,Mif,Tnfrsf14,Secreted Signaling
1314,Hgf,Cd44,Secreted Signaling
1315,Ddc,Drd2,Secreted Signaling
1316,Cd46,Jag1,Cell-Cell Contact
1317,Vegfa,Ephb2,Secreted Signaling
1318,Vegfa,Grin2b,Secreted Signaling
1319,Nppc,Npr1,Secreted Signaling
1320,Cd44,Sele,Cell-Cell Contact
1321,Cd44,Siglec15,Cell-Cell Contact
1322,Hbegf,Cd44,Secreted Signaling
1323,Selp,Cd34,Cell-Cell Contact
1324,Selp,Selplg,Cell-Cell Contact
1325,Selp,Podxl2,Cell-Cell Contact
1326,Spn,Siglec1,Cell-Cell Contact
1327,Pdgfc,Pdgfra,Secreted Signaling
1328,Pecam1,Cd38,Cell-Cell Contact
1329,Pecam1,Cd177,Cell-Cell Contact
1330,Ctla4,Cd80,Cell-Cell Contact
1331,Ctla4,Cd86,Cell-Cell Contact
1332,Gh,Prlr,Secreted Signaling
1333,Gphb5_Gpha2,Tshr,Secreted Signaling
1334,Gphb5,Tshr,Secreted Signaling
1335,Gpha2,Tshr,Secreted Signaling
1336,Cga_Tshb,Tshr,Secreted Signaling
1337,Cga,Tshr,Secreted Signaling
1338,Tshb,Tshr,Secreted Signaling
1339,Sele,Selplg,Cell-Cell Contact
1340,Sele,Glg1,Cell-Cell Contact
1341,Sele,Podxl2,Cell-Cell Contact
1342,Nppc,Npr3,Secreted Signaling
1343,Ostn,Npr3,Secreted Signaling
1344,Lgals3,Mertk,Secreted Signaling
1345,Igfbp3,Tmem219,Secreted Signaling
1346,Bmp7,Slamf1,Secreted Signaling
1347,Bmp7,Ptprk,Secreted Signaling
1348,Adcyap1,Dpp4,Secreted Signaling
1349,Adcyap1,Vipr1,Secreted Signaling
1350,Adcyap1,Adcyap1r1,Secreted Signaling
1351,Adcyap1,Vipr2,Secreted Signaling
1352,Adcyap1,Sctr,Secreted Signaling
1353,Cdh2,Cdh2,Cell-Cell Contact
1354,Kitl,Epor,Secreted Signaling
1355,Vcam1,Itgb1_Itga4,Cell-Cell Contact
1356,Vcam1,Itgb1,Cell-Cell Contact
1357,Vcam1,Itga4,Cell-Cell Contact
1358,Vcam1,Itgb7_Itga4,Cell-Cell Contact
1359,Vcam1,Itgb7,Cell-Cell Contact
1360,Vcam1,Itgb1_Itga9,Cell-Cell Contact
1361,Vcam1,Itga9,Cell-Cell Contact
1362,Vcam1,Itgb2_Itgad,Cell-Cell Contact
1363,Vcam1,Itgb2,Cell-Cell Contact
1364,Vcam1,Itgad,Cell-Cell Contact
1365,Grn,Tnfrsf1a,Secreted Signaling
1366,Fasl,Tnfrsf1a,Secreted Signaling
1367,Cxcl1,Cxcr1,Secreted Signaling
1368,Cxcl1,Cxcr2,Secreted Signaling
1369,Cxcl1,Dpp4,Secreted Signaling
1370,Cxcl2,Cxcr1,Secreted Signaling
1371,Cxcl2,Cxcr2,Secreted Signaling
1372,Grn,Tnfrsf1b,Secreted Signaling
1373,Tac1,Tacr2,Secreted Signaling
1374,Tac1,Tacr1,Secreted Signaling
1375,Pmch,Mchr1,Secreted Signaling
1376,Trh,Trhr,Secreted Signaling
1377,Nppc,Npr2,Secreted Signaling
1378,Ntf3,Ntrk3,Secreted Signaling
1379,Ntf3,Ntrk2,Secreted Signaling
1380,Edn2,Ednra,Secreted Signaling
1381,Efna1,Epha1,Secreted Signaling
1382,Efna1,Epha2,Secreted Signaling
1383,Efna1,Epha3,Secreted Signaling
1384,Efna1,Epha8,Secreted Signaling
1385,Efna1,Epha5,Secreted Signaling
1386,Efna1,Epha4,Secreted Signaling
1387,Efna1,Epha7,Secreted Signaling
1388,Col9a1,Itgb1_Itga10,Secreted Signaling
1389,Col9a1,Itgb1,Secreted Signaling
1390,Col9a1,Itga10,Secreted Signaling
1391,Col9a1,Itgb1_Itga11,Secreted Signaling
1392,Col9a1,Itga11,Secreted Signaling
1393,Col9a1,Itgb1_Itga1,Secreted Signaling
1394,Col9a1,Itga1,Secreted Signaling
1395,Col9a1,Itgb1_Itga2,Secreted Signaling
1396,Col9a1,Itga2,Secreted Signaling
1397,Col5a1,Itgb1_Itga10,Secreted Signaling
1398,Col5a1,Itgb1,Secreted Signaling
1399,Col5a1,Itga10,Secreted Signaling
1400,Col5a1,Itgb1_Itga11,Secreted Signaling
1401,Col5a1,Itga11,Secreted Signaling
1402,Col5a1,Itgb1_Itga1,Secreted Signaling
1403,Col5a1,Itga1,Secreted Signaling
1404,Col5a1,Itgb1_Itga2,Secreted Signaling
1405,Col5a1,Itga2,Secreted Signaling
1406,Ptn,Ptprs,Secreted Signaling
1407,Ptn,Alk,Secreted Signaling
1408,Efna3,Epha1,Cell-Cell Contact
1409,Efna4,Epha1,Cell-Cell Contact
1410,Efna5,Epha1,Cell-Cell Contact
1411,Ddc,Drd1,Secreted Signaling
1412,Ghrl,Tbxa2r,Secreted Signaling
1413,Tbxas1,Tbxa2r,Secreted Signaling
1414,Mdk,Lrp1,Secreted Signaling
1415,Mdk,Sorl1,Secreted Signaling
1416,Mdk,Alk,Secreted Signaling
1417,Fgf7,Fgfr2,Secreted Signaling
1418,Fgf7,Fgfr3,Secreted Signaling
1419,Fgf9,Fgfr2,Secreted Signaling
1420,Fgf8,Fgfr2,Secreted Signaling
1421,Nectin1,Fgfr2,Secreted Signaling
1422,Fgf23,Fgfr2,Secreted Signaling
1423,Fgf22,Fgfr2,Secreted Signaling
1424,Cd72,Sema4d,Cell-Cell Contact
1425,Btc,Erbb3,Secreted Signaling
1426,Ddc,Drd4,Secreted Signaling
1427,Ddc,Drd5,Secreted Signaling
1428,Cdh3,Cdh3,Cell-Cell Contact
1429,Ccl1,Ccr8,Secreted Signaling
1430,Fgf9,Fgfr3,Secreted Signaling
1431,Fgfr3,Epha4,Secreted Signaling
1432,Fgf8,Fgfr3,Secreted Signaling
1433,Nectin1,Fgfr3,Secreted Signaling
1434,Fgf23,Fgfr3,Secreted Signaling
1435,Fgf20,Fgfr3,Secreted Signaling
1436,Cga_Lhb,Lhcgr,Secreted Signaling
1437,Cga,Lhcgr,Secreted Signaling
1438,Lhb,Lhcgr,Secreted Signaling
1439,Fam3c,Glra2,Secreted Signaling
1440,Tnfsf4,Tnfrsf4,Cell-Cell Contact
1441,Bdnf,Ntrk2,Secreted Signaling
1442,Bdnf,Gpr152,Secreted Signaling
1443,Bdnf,Sort1,Secreted Signaling
1444,Bdnf,F11r,Secreted Signaling
1445,Tnc,Itgb1_Itga4,Secreted Signaling
1446,Tnc,Itgb1,Secreted Signaling
1447,Tnc,Itga4,Secreted Signaling
1448,Tnc,Itgb1_Itga8,Secreted Signaling
1449,Tnc,Itga8,Secreted Signaling
1450,Tnc,Itgb1_Itga9,Secreted Signaling
1451,Tnc,Itga9,Secreted Signaling
1452,Tnc,Itgav_Itgb3,Secreted Signaling
1453,Tnc,Itgav,Secreted Signaling
1454,Tnc,Itgb3,Secreted Signaling
1455,Tnc,Itgav_Itgb6,Secreted Signaling
1456,Tnc,Itgb6,Secreted Signaling
1457,Cxcl5,Cxcr1,Secreted Signaling
1458,Cxcl5,Cxcr2,Secreted Signaling
1459,Col8a2,Itgb1_Itga10,Secreted Signaling
1460,Col8a2,Itgb1,Secreted Signaling
1461,Col8a2,Itga10,Secreted Signaling
1462,Col8a2,Itgb1_Itga11,Secreted Signaling
1463,Col8a2,Itga11,Secreted Signaling
1464,Col8a2,Itgb1_Itga1,Secreted Signaling
1465,Col8a2,Itga1,Secreted Signaling
1466,Col8a2,Itgb1_Itga2,Secreted Signaling
1467,Col8a2,Itga2,Secreted Signaling
1468,Camp,Fpr2,Secreted Signaling
1469,Guca2a,Gucy2c,Secreted Signaling
1470,Guca2b,Gucy2c,Secreted Signaling
1471,Cxcl12,Ackr3,Secreted Signaling
1472,Fasl,Fas,Secreted Signaling
1473,Col5a3,Itgb1_Itga10,Secreted Signaling
1474,Col5a3,Itgb1,Secreted Signaling
1475,Col5a3,Itga10,Secreted Signaling
1476,Col5a3,Itgb1_Itga11,Secreted Signaling
1477,Col5a3,Itga11,Secreted Signaling
1478,Col5a3,Itgb1_Itga1,Secreted Signaling
1479,Col5a3,Itga1,Secreted Signaling
1480,Col5a3,Itgb1_Itga2,Secreted Signaling
1481,Col5a3,Itga2,Secreted Signaling
1482,Cd40lg,Cd40,Secreted Signaling
1483,Insl3,Cd40,Secreted Signaling
1484,Tnfsf13b,Cd40,Secreted Signaling
1485,Cd70,Cd27,Secreted Signaling
1486,Mst1,Mst1r,Secreted Signaling
1487,Inhbc,Acvr2a,Secreted Signaling
1488,Inhbe,Acvr2a,Secreted Signaling
1489,Cxcl12,Dpp4,Secreted Signaling
1490,Ccl11,Dpp4,Secreted Signaling
1491,Gdf1,Htr4,Secreted Signaling
1492,Col8a1,Itgb1_Itga10,Secreted Signaling
1493,Col8a1,Itgb1,Secreted Signaling
1494,Col8a1,Itga10,Secreted Signaling
1495,Col8a1,Itgb1_Itga11,Secreted Signaling
1496,Col8a1,Itga11,Secreted Signaling
1497,Col8a1,Itgb1_Itga1,Secreted Signaling
1498,Col8a1,Itga1,Secreted Signaling
1499,Col8a1,Itgb1_Itga2,Secreted Signaling
1500,Col8a1,Itga2,Secreted Signaling
1501,Ddc,Htr1d,Secreted Signaling
1502,Ddc,Htr1b,Secreted Signaling
1503,Ddc,Htr2a,Secreted Signaling
1504,Ddc,Htr2c,Secreted Signaling
1505,Grn,Sort1,Secreted Signaling
1506,Grn,Cd209a,Secreted Signaling
1507,Tnfrsf8,Tnfsf8,Cell-Cell Contact
1508,Nampt,Adora2a,Secreted Signaling
1509,Adora2a,Entpd1,Cell-Cell Contact
1510,Adora2b,Entpd1,Cell-Cell Contact
1511,Efna3,Epha2,Cell-Cell Contact
1512,Efna4,Epha2,Cell-Cell Contact
1513,Efna5,Epha2,Cell-Cell Contact
1514,Efna3,Epha3,Cell-Cell Contact
1515,Efna4,Epha3,Cell-Cell Contact
1516,Efna5,Epha3,Cell-Cell Contact
1517,Efna3,Epha8,Cell-Cell Contact
1518,Efna4,Epha8,Cell-Cell Contact
1519,Efna5,Epha8,Cell-Cell Contact
1520,Efnb2,Ephb2,Cell-Cell Contact
1521,Efna5,Ephb3,Cell-Cell Contact
1522,Efnb1,Ephb4,Cell-Cell Contact
1523,Efnb3,Ephb5,Cell-Cell Contact
1524,Tac2,Tacr3,Secreted Signaling
1525,Col4a5,Itgb1_Itga10,Secreted Signaling
1526,Col4a5,Itgb1,Secreted Signaling
1527,Col4a5,Itga10,Secreted Signaling
1528,Col4a5,Itgb1_Itga11,Secreted Signaling
1529,Col4a5,Itga11,Secreted Signaling
1530,Col4a5,Itgb1_Itga1,Secreted Signaling
1531,Col4a5,Itga1,Secreted Signaling
1532,Col4a5,Itgb1_Itga2,Secreted Signaling
1533,Col4a5,Itga2,Secreted Signaling
1534,Cd40lg,Itga2b_Itgb3,Secreted Signaling
1535,Cd40lg,Itga2b,Secreted Signaling
1536,Cd40lg,Itgb3,Secreted Signaling
1537,Cd40lg,Itgb1_Itga5,Secreted Signaling
1538,Cd40lg,Itgb1,Secreted Signaling
1539,Cd40lg,Itga5,Secreted Signaling
1540,Cd6,Alcam,Cell-Cell Contact
1541,Gas6,Axl,Secreted Signaling
1542,Adora1,Entpd1,Cell-Cell Contact
1543,Sst,Sstr1,Secreted Signaling
1544,Sst,Sstr2,Secreted Signaling
1545,Ddc,Htr1f,Secreted Signaling
1546,Nts,Ntsr1,Secreted Signaling
1547,Nts,Sort1,Secreted Signaling
1548,Sst,Sstr4,Secreted Signaling
1549,L1cam,L1cam,Cell-Cell Contact
1550,L1cam,Itga2b_Itgb3,Cell-Cell Contact
1551,L1cam,Itga2b,Cell-Cell Contact
1552,L1cam,Itgb3,Cell-Cell Contact
1553,L1cam,Itgb1_Itga5,Cell-Cell Contact
1554,L1cam,Itgb1,Cell-Cell Contact
1555,L1cam,Itga5,Cell-Cell Contact
1556,L1cam,Itgb1_Itga9,Cell-Cell Contact
1557,L1cam,Itga9,Cell-Cell Contact
1558,L1cam,Itgb1_Itgav,Cell-Cell Contact
1559,L1cam,Itgav,Cell-Cell Contact
1560,L1cam,Itgav_Itgb3,Cell-Cell Contact
1561,L1cam,Ezr_L1cam,Cell-Cell Contact
1562,L1cam,Ezr,Cell-Cell Contact
1563,Ccl2,Ccr1,Secreted Signaling
1564,Ccl19,Ccr7,Secreted Signaling
1565,Sst,Sstr3,Secreted Signaling
1566,Cd70,Tnfrsf17,Secreted Signaling
1567,Cd70,Gprc5b,Secreted Signaling
1568,Cdh5,Cdh5,Cell-Cell Contact
1569,Cd80,Cd274,Cell-Cell Contact
1570,Ntf5,Ntrk2,Secreted Signaling
1571,Ddc,Htr7,Secreted Signaling
1572,Adipoq,Cnr2,Secreted Signaling
1573,Ptges,Ptger1,Secreted Signaling
1574,Ptges2,Ptger1,Secreted Signaling
1575,Ptges3,Ptger1,Secreted Signaling
1576,Ucn,Crhr1,Secreted Signaling
1577,Btc,Erbb4,Secreted Signaling
1578,Il13,Il13ra2,Secreted Signaling
1579,Il13,Tmem219,Secreted Signaling
1580,Adm,Mrgprb1,Secreted Signaling
1581,Adm,Ramp3_Calcrl_Gper1,Secreted Signaling
1582,Adm,Calcrl,Secreted Signaling
1583,Adm,Gper1,Secreted Signaling
1584,Sst,Sstr5,Secreted Signaling
1585,Ptges,Ptger4,Secreted Signaling
1586,Ptges2,Ptger4,Secreted Signaling
1587,Ptges3,Ptger4,Secreted Signaling
1588,Apln,Aplnr,Secreted Signaling
1589,Ddc,Drd3,Secreted Signaling
1590,Fbn1,Itgb1_Itga5,Secreted Signaling
1591,Fbn1,Itgb1,Secreted Signaling
1592,Fbn1,Itga5,Secreted Signaling
1593,Vegfc,Flt4,Secreted Signaling
1594,Pdgfc,Flt4,Secreted Signaling
1595,Vegfc,Kdr,Secreted Signaling
1596,Slurp1,Chrna7,Secreted Signaling
1597,Flt3l,Flt3,Secreted Signaling
1598,Ccl11,Pparg,Secreted Signaling
1599,Col15a1,Itgb1_Itga10,Secreted Signaling
1600,Col15a1,Itgb1,Secreted Signaling
1601,Col15a1,Itga10,Secreted Signaling
1602,Col15a1,Itgb1_Itga11,Secreted Signaling
1603,Col15a1,Itga11,Secreted Signaling
1604,Col15a1,Itgb1_Itga1,Secreted Signaling
1605,Col15a1,Itga1,Secreted Signaling
1606,Col15a1,Itgb1_Itga2,Secreted Signaling
1607,Col15a1,Itga2,Secreted Signaling
1608,Col18a1,Itgb1_Itga10,Secreted Signaling
1609,Col18a1,Itgb1,Secreted Signaling
1610,Col18a1,Itga10,Secreted Signaling
1611,Col18a1,Itgb1_Itga11,Secreted Signaling
1612,Col18a1,Itga11,Secreted Signaling
1613,Col18a1,Itgb1_Itga1,Secreted Signaling
1614,Col18a1,Itga1,Secreted Signaling
1615,Col18a1,Itgb1_Itga2,Secreted Signaling
1616,Col18a1,Itga2,Secreted Signaling
1617,Gdnf,Ret_Gfra1,Secreted Signaling
1618,Gdnf,Ret,Secreted Signaling
1619,Gdnf,Gfra1,Secreted Signaling
1620,Nectin1,Cd96,Secreted Signaling
1621,Thpo,Mpl,Secreted Signaling
1622,Pnoc,Oprl1,Secreted Signaling
1623,Lep,Lepr,Secreted Signaling
1624,Cd200,Cd200r1,Cell-Cell Contact
1625,Wnt5a,Ror1,Secreted Signaling
1626,Wnt5a,Ror2,Secreted Signaling
1627,Wnt5a,Ptprk,Secreted Signaling
1628,Wnt5a,Epha7,Secreted Signaling
1629,Wnt5a,Antxr1,Secreted Signaling
1630,Ddc,Htr2b,Secreted Signaling
1631,Ccl11,Ccr2,Secreted Signaling
1632,Ccl2,Ccr2,Secreted Signaling
1634,Akr1b3,Ptgfr,Secreted Signaling
1635,Cbr1,Ptgfr,Secreted Signaling
1636,Ptges,Ptger3,Secreted Signaling
1637,Ptges2,Ptger3,Secreted Signaling
1638,Ptges3,Ptger3,Secreted Signaling
1639,Ghrl,Ptger3,Secreted Signaling
1640,Ptges,Ptger2,Secreted Signaling
1641,Ptges2,Ptger2,Secreted Signaling
1642,Ptges3,Ptger2,Secreted Signaling
1643,Ptgis,Ptgir,Secreted Signaling
1644,Ghrl,Ptgir,Secreted Signaling
1645,Nampt,Il13ra2,Secreted Signaling
1646,Nampt,P2ry6,Secreted Signaling
1647,Rarres2,Gpr1,Secreted Signaling
1648,Ccl28,Ccr10,Secreted Signaling
1649,Ccl27b,Ccr10,Secreted Signaling
1650,Xcl1,Xcr1,Secreted Signaling
1651,Ddc,Htr3a,Secreted Signaling
1652,Wnt4,Notch1,Secreted Signaling
1653,Jag1,Notch1,Cell-Cell Contact
1654,Dlk1,Notch1,Cell-Cell Contact
1655,Cntn1,Notch1,Cell-Cell Contact
1656,Dll4,Notch1,Cell-Cell Contact
1657,Dll3,Notch1,Cell-Cell Contact
1658,Jag2,Notch1,Cell-Cell Contact
1659,Ddc,Htr5a,Secreted Signaling
1660,Xcl1,Adgrv1,Secreted Signaling
1661,Cxcl12,Cxcr3,Secreted Signaling
1662,Cxcl12,Cxcr4,Secreted Signaling
1663,Npw,Npbwr1,Secreted Signaling
1664,Npb,Npbwr1,Secreted Signaling
1665,Nmu,Nmur2,Secreted Signaling
1666,Nmu,Nmur1,Secreted Signaling
1667,Pth2,Pth2r,Secreted Signaling
1668,Cx3cl1,Cx3cr1,Secreted Signaling
1669,Ccl20,Cxcr3,Secreted Signaling
1670,Ccl19,Cxcr3,Secreted Signaling
1671,Prlh,Prlhr,Secreted Signaling
1672,Ddc,Htr6,Secreted Signaling
1673,Tnfsf10,Ripk1,Secreted Signaling
1674,Insl3,Rxfp2,Secreted Signaling
1675,Insl3,Rxfp1,Secreted Signaling
1676,Ccl11,Ccr3,Secreted Signaling
1677,Ccl11,Ackr4,Secreted Signaling
1678,Ccl2,Ccr3,Secreted Signaling
1679,Ccl28,Ccr3,Secreted Signaling
1680,Ccl17,Ccr4,Secreted Signaling
1681,Ccl20,Ccr6,Secreted Signaling
1682,Efna3,Epha5,Cell-Cell Contact
1683,Efna3,Epha4,Cell-Cell Contact
1684,Efna3,Epha7,Cell-Cell Contact
1685,Efna4,Epha5,Cell-Cell Contact
1686,Efna4,Epha4,Cell-Cell Contact
1687,Efna4,Epha7,Cell-Cell Contact
1688,Efnb2,Ephb3,Cell-Cell Contact
1689,Efnb2,Ephb4,Cell-Cell Contact
1690,Efnb2,Ephb1,Cell-Cell Contact
1691,Efnb2,Epha4,Cell-Cell Contact
1692,Efna5,Epha5,Cell-Cell Contact
1693,Efna5,Epha4,Cell-Cell Contact
1694,Efna5,Epha7,Cell-Cell Contact
1695,Col4a4,Itgb1_Itga10,Secreted Signaling
1696,Col4a4,Itgb1,Secreted Signaling
1697,Col4a4,Itga10,Secreted Signaling
1698,Col4a4,Itgb1_Itga11,Secreted Signaling
1699,Col4a4,Itga11,Secreted Signaling
1700,Col4a4,Itgb1_Itga1,Secreted Signaling
1701,Col4a4,Itga1,Secreted Signaling
1702,Col4a4,Itgb1_Itga2,Secreted Signaling
1703,Col4a4,Itga2,Secreted Signaling
1704,Efnb1,Ephb3,Cell-Cell Contact
1705,Efnb3,Ephb3,Cell-Cell Contact
1706,Efnb3,Ephb4,Cell-Cell Contact
1707,Efnb1,Ephb1,Cell-Cell Contact
1708,Efnb3,Ephb1,Cell-Cell Contact
1709,Efnb1,Epha4,Cell-Cell Contact
1710,Efnb3,Epha4,Cell-Cell Contact
1711,Ucn,Crhr2,Secreted Signaling
1712,Inhbc,Acvr2b,Secreted Signaling
1713,Cdh6,Cdh6,Cell-Cell Contact
1714,Wnt3a,Lrp1,Secreted Signaling
1715,Wnt4,Smo,Secreted Signaling
1716,Nrg3,Erbb4,Secreted Signaling
1717,Jam2,Jam3,Cell-Cell Contact
1718,Jam2,Itgb1_Itga4,Cell-Cell Contact
1719,Jam2,Itgb1,Cell-Cell Contact
1720,Jam2,Itga4,Cell-Cell Contact
1721,Inhbe,Acvr2b,Secreted Signaling
1722,Prok1,Prokr2,Secreted Signaling
1723,Prok1,Prokr1,Secreted Signaling
1724,Tgfb2,Tgfbr3,Secreted Signaling
1725,Tgfb2,Tgfbr1_Tgfbr2,Secreted Signaling
1726,Tgfb2,Tgfbr1,Secreted Signaling
1727,Tgfb2,Tgfbr2,Secreted Signaling
1728,Tgfb2,Tgfbr2_Acvr1,Secreted Signaling
1729,Tgfb2,Acvr1,Secreted Signaling
1730,Fam3c,Cxadr,Secreted Signaling
1731,Sirpa,Cd47,Cell-Cell Contact
1732,Jag1,Notch2,Cell-Cell Contact
1733,Jag1,Notch4,Cell-Cell Contact
1734,Jag1,Notch3,Cell-Cell Contact
1735,Reln,Vldlr,Secreted Signaling
1736,Reln,Lrp8,Secreted Signaling
1737,Lcn2,Slc22a17,Secreted Signaling
1738,Dlk1,Notch2,Cell-Cell Contact
1739,Dlk1,Notch4,Cell-Cell Contact
1740,Dlk1,Notch3,Cell-Cell Contact
1741,Qrfp,Qrfpr,Secreted Signaling
1742,Pdgfd,Pdgfra_Pdgfrb,Secreted Signaling
1743,Pdgfd,Pdgfra,Secreted Signaling
1744,Shh,Ptch2_Boc,Secreted Signaling
1745,Shh,Ptch2,Secreted Signaling
1746,Shh,Boc,Secreted Signaling
1747,Shh,Ptch2_Cdon,Secreted Signaling
1748,Shh,Cdon,Secreted Signaling
1749,Shh,Ptch2_Gas1,Secreted Signaling
1750,Shh,Gas1,Secreted Signaling
1751,Ihh,Ptch1_Boc,Secreted Signaling
1752,Ihh,Ptch1,Secreted Signaling
1753,Ihh,Boc,Secreted Signaling
1754,Shh,Ptch1_Boc,Secreted Signaling
1755,Shh,Ptch1,Secreted Signaling
1756,Ihh,Ptch1_Cdon,Secreted Signaling
1757,Ihh,Cdon,Secreted Signaling
1758,Shh,Ptch1_Cdon,Secreted Signaling
1759,Ihh,Ptch1_Gas1,Secreted Signaling
1760,Ihh,Gas1,Secreted Signaling
1761,Shh,Ptch1_Gas1,Secreted Signaling
1762,Plxna1_Kdr,Sema6d,Cell-Cell Contact
1763,Plxna1,Sema6d,Cell-Cell Contact
1764,Kdr,Sema6d,Cell-Cell Contact
1765,Plxna1_Trem2_Tyrobp,Sema6d,Cell-Cell Contact
1766,Trem2,Sema6d,Cell-Cell Contact
1767,Tyrobp,Sema6d,Cell-Cell Contact
1768,Sema3a,Nrp1_Plxna1,Secreted Signaling
1769,Sema3a,Plxna1,Secreted Signaling
1770,Sema3a,Nrp1_Plxna2,Secreted Signaling
1771,Sema3a,Plxna2,Secreted Signaling
1772,Nrp1_Plxna2,Sema6a,Cell-Cell Contact
1773,Nrp1,Sema6a,Cell-Cell Contact
1774,Plxna2,Sema6a,Cell-Cell Contact
1775,Sema3a,Nrp1_Plxna3,Secreted Signaling
1776,Sema3a,Plxna3,Secreted Signaling
1777,Sema3a,Nrp1_Plxna4,Secreted Signaling
1778,Sema3a,Plxna4,Secreted Signaling
1779,Akr1c18,Ptgdr,Secreted Signaling
1780,Akr1c18,Ptgdr2,Secreted Signaling
1781,Col4a3,Itgb1_Itga10,Secreted Signaling
1782,Col4a3,Itgb1,Secreted Signaling
1783,Col4a3,Itga10,Secreted Signaling
1784,Col4a3,Itgb1_Itga11,Secreted Signaling
1785,Col4a3,Itga11,Secreted Signaling
1786,Col4a3,Itgb1_Itga1,Secreted Signaling
1787,Col4a3,Itga1,Secreted Signaling
1788,Col4a3,Itgb1_Itga2,Secreted Signaling
1789,Col4a3,Itga2,Secreted Signaling
1790,Tnfsf13b,Tnfrsf17,Secreted Signaling
1791,Col7a1,Itgb1_Itga10,Secreted Signaling
1792,Col7a1,Itgb1,Secreted Signaling
1793,Col7a1,Itga10,Secreted Signaling
1794,Col7a1,Itgb1_Itga11,Secreted Signaling
1795,Col7a1,Itga11,Secreted Signaling
1796,Col7a1,Itgb1_Itga1,Secreted Signaling
1797,Col7a1,Itga1,Secreted Signaling
1798,Col7a1,Itgb1_Itga2,Secreted Signaling
1799,Col7a1,Itga2,Secreted Signaling
1800,Dsg1a,Dsc2,Cell-Cell Contact
1801,Dsg1a,Dsc1,Cell-Cell Contact
1802,Dsg1a,Dsc3,Cell-Cell Contact
1803,Dsc2,Dsg2,Cell-Cell Contact
1804,Ghrl,Ghrhr,Secreted Signaling
1805,Angpt1,Tek,Secreted Signaling
1806,Angpt4,Tek,Secreted Signaling
1807,Plaur,Itgb1_Itga4,Secreted Signaling
1808,Plaur,Itgb1,Secreted Signaling
1809,Plaur,Itga4,Secreted Signaling
1810,Plaur,Itgav_Itgb3,Secreted Signaling
1811,Plaur,Itgav,Secreted Signaling
1812,Plaur,Itgb3,Secreted Signaling
1813,Pth2,Pth1r,Secreted Signaling
1814,Col10a1,Itgb1_Itga10,Secreted Signaling
1815,Col10a1,Itgb1,Secreted Signaling
1816,Col10a1,Itga10,Secreted Signaling
1817,Col10a1,Itgb1_Itga11,Secreted Signaling
1818,Col10a1,Itga11,Secreted Signaling
1819,Col10a1,Itgb1_Itga1,Secreted Signaling
1820,Col10a1,Itga1,Secreted Signaling
1821,Col10a1,Itgb1_Itga2,Secreted Signaling
1822,Col10a1,Itga2,Secreted Signaling
1823,Cntn1,Notch2,Cell-Cell Contact
1824,Il24,Notch2,Secreted Signaling
1825,Dll4,Notch2,Cell-Cell Contact
1826,Dll3,Notch2,Cell-Cell Contact
1827,Jag2,Notch2,Cell-Cell Contact
1828,Col14a1,Itgb1_Itga10,Secreted Signaling
1829,Col14a1,Itgb1,Secreted Signaling
1830,Col14a1,Itga10,Secreted Signaling
1831,Col14a1,Itgb1_Itga11,Secreted Signaling
1832,Col14a1,Itga11,Secreted Signaling
1833,Col14a1,Itgb1_Itga1,Secreted Signaling
1834,Col14a1,Itga1,Secreted Signaling
1835,Col14a1,Itgb1_Itga2,Secreted Signaling
1836,Col14a1,Itga2,Secreted Signaling
1837,Gas6,Tyro3,Secreted Signaling
1838,Col16a1,Itgb1_Itga10,Secreted Signaling
1839,Col16a1,Itgb1,Secreted Signaling
1840,Col16a1,Itga10,Secreted Signaling
1841,Col16a1,Itgb1_Itga11,Secreted Signaling
1842,Col16a1,Itga11,Secreted Signaling
1843,Col16a1,Itgb1_Itga1,Secreted Signaling
1844,Col16a1,Itga1,Secreted Signaling
1845,Col16a1,Itgb1_Itga2,Secreted Signaling
1846,Col16a1,Itga2,Secreted Signaling
1847,Erfe,Lrp1,Secreted Signaling
1848,Dsc1,Dsg2,Cell-Cell Contact
1849,Cd47,Sirpb1a_Tyrobp,Cell-Cell Contact
1850,Cd47,Sirpb1a,Cell-Cell Contact
1851,Cd47,Tyrobp,Cell-Cell Contact
1852,Gas6,Mertk,Secreted Signaling
1853,Il16,Grin2a,Secreted Signaling
1854,Il24,Esr2,Secreted Signaling
1855,Il16,Grin2b,Secreted Signaling
1856,Ucn3,Crhr2,Secreted Signaling
1857,Ucn2,Crhr2,Secreted Signaling
1858,Ptprs,Ntrk3,Cell-Cell Contact
1859,Sema5a,Plxnb3,Cell-Cell Contact
1860,Ddc,Htr4,Secreted Signaling
1861,Il16,Grin2c,Secreted Signaling
1862,Col4a6,Itgb1_Itga10,Secreted Signaling
1863,Col4a6,Itgb1,Secreted Signaling
1864,Col4a6,Itga10,Secreted Signaling
1865,Col4a6,Itgb1_Itga11,Secreted Signaling
1866,Col4a6,Itga11,Secreted Signaling
1867,Col4a6,Itgb1_Itga1,Secreted Signaling
1868,Col4a6,Itga1,Secreted Signaling
1869,Col4a6,Itgb1_Itga2,Secreted Signaling
1870,Col4a6,Itga2,Secreted Signaling
1871,Col9a3,Itgb1_Itga10,Secreted Signaling
1872,Col9a3,Itgb1,Secreted Signaling
1873,Col9a3,Itga10,Secreted Signaling
1874,Col9a3,Itgb1_Itga11,Secreted Signaling
1875,Col9a3,Itga11,Secreted Signaling
1876,Col9a3,Itgb1_Itga1,Secreted Signaling
1877,Col9a3,Itga1,Secreted Signaling
1878,Col9a3,Itgb1_Itga2,Secreted Signaling
1879,Col9a3,Itga2,Secreted Signaling
1880,Col9a2,Itgb1_Itga10,Secreted Signaling
1881,Col9a2,Itgb1,Secreted Signaling
1882,Col9a2,Itga10,Secreted Signaling
1883,Col9a2,Itgb1_Itga11,Secreted Signaling
1884,Col9a2,Itga11,Secreted Signaling
1885,Col9a2,Itgb1_Itga1,Secreted Signaling
1886,Col9a2,Itga1,Secreted Signaling
1887,Col9a2,Itgb1_Itga2,Secreted Signaling
1888,Col9a2,Itga2,Secreted Signaling
1889,Dsg2,Dsc3,Cell-Cell Contact
1890,Icam4,Itgb2_Itgal,Secreted Signaling
1891,Icam4,Itgb2,Secreted Signaling
1892,Icam4,Itgal,Secreted Signaling
1893,Col19a1,Itgb1_Itga10,Secreted Signaling
1894,Col19a1,Itgb1,Secreted Signaling
1895,Col19a1,Itga10,Secreted Signaling
1896,Col19a1,Itgb1_Itga11,Secreted Signaling
1897,Col19a1,Itga11,Secreted Signaling
1898,Col19a1,Itgb1_Itga1,Secreted Signaling
1899,Col19a1,Itga1,Secreted Signaling
1900,Col19a1,Itgb1_Itga2,Secreted Signaling
1901,Col19a1,Itga2,Secreted Signaling
1902,Fam3c,Pdcd1,Secreted Signaling
1903,Pdcd1lg2,Pdcd1,Secreted Signaling
1904,Pdcd1,Cd274,Cell-Cell Contact
1905,Nectin1,Cadm3,Cell-Cell Contact
1906,Nectin4,Nectin1,Secreted Signaling
1907,Nectin1,Nectin3,Cell-Cell Contact
1908,Nrg4,Erbb4,Secreted Signaling
1909,Hbegf,Erbb4,Secreted Signaling
1910,Kiss1,Kiss1r,Secreted Signaling
1911,Enho,Gpr19,Secreted Signaling
1912,Cd226,Nectin2,Cell-Cell Contact
1913,Adipoq,Prokr2,Secreted Signaling
1914,Adipoq,Cd200r1,Secreted Signaling
1915,Adipoq,Gpr152,Secreted Signaling
1916,Ccl17,Ackr1,Secreted Signaling
1917,Ntn4,Ntrk2,Secreted Signaling
1918,Lama3,Itgb1_Itga3,Secreted Signaling
1919,Lama3,Itgb1,Secreted Signaling
1920,Lama3,Itga3,Secreted Signaling
1921,Col24a1,Itgb1_Itga10,Secreted Signaling
1922,Col24a1,Itgb1,Secreted Signaling
1923,Col24a1,Itga10,Secreted Signaling
1924,Col24a1,Itgb1_Itga11,Secreted Signaling
1925,Col24a1,Itga11,Secreted Signaling
1926,Col24a1,Itgb1_Itga1,Secreted Signaling
1927,Col24a1,Itga1,Secreted Signaling
1928,Col24a1,Itgb1_Itga2,Secreted Signaling
1929,Col24a1,Itga2,Secreted Signaling
1930,Rspo4,Lgr4,Secreted Signaling
1931,Rspo4,Lgr6,Secreted Signaling
1932,Rspo1,Lgr4,Secreted Signaling
1933,Rspo1,Lgr6,Secreted Signaling
1934,Col28a1,Itgb1_Itga10,Secreted Signaling
1935,Col28a1,Itgb1,Secreted Signaling
1936,Col28a1,Itga10,Secreted Signaling
1937,Col28a1,Itgb1_Itga11,Secreted Signaling
1938,Col28a1,Itga11,Secreted Signaling
1939,Col28a1,Itgb1_Itga1,Secreted Signaling
1940,Col28a1,Itga1,Secreted Signaling
1941,Col28a1,Itgb1_Itga2,Secreted Signaling
1942,Col28a1,Itga2,Secreted Signaling
1943,Tigit,Nectin2,Cell-Cell Contact
1944,Tigit,Nectin3,Cell-Cell Contact
1945,Nms,Nmur2,Secreted Signaling
1946,Nms,Nmur1,Secreted Signaling
1947,Treml2,Cd276,Cell-Cell Contact
1948,Artn,Ret_Gfra1,Secreted Signaling
1949,Artn,Ret,Secreted Signaling
1950,Artn,Gfra1,Secreted Signaling
1951,Artn,Ret_Gfra3,Secreted Signaling
1952,Artn,Gfra3,Secreted Signaling
1953,Col13a1,Itgb1_Itga10,Cell-Cell Contact
1954,Col13a1,Itgb1,Cell-Cell Contact
1955,Col13a1,Itga10,Cell-Cell Contact
1956,Col13a1,Itgb1_Itga11,Cell-Cell Contact
1957,Col13a1,Itga11,Cell-Cell Contact
1958,Col13a1,Itgb1_Itga1,Cell-Cell Contact
1959,Col13a1,Itga1,Cell-Cell Contact
1960,Col13a1,Itgb1_Itga2,Cell-Cell Contact
1961,Col13a1,Itga2,Cell-Cell Contact
1962,Lair1,Lilr4b,Cell-Cell Contact
1963,Cspg4,Itgb1_Itga3,Cell-Cell Contact
1964,Cspg4,Itgb1,Cell-Cell Contact
1965,Cspg4,Itga3,Cell-Cell Contact
1966,Igfl3,Igflr1,Secreted Signaling
1967,Cxcl17,Gpr35,Secreted Signaling
1968,Gdf15,Gfral,Secreted Signaling
1969,Rspo2,Lgr4,Secreted Signaling
1970,Rspo2,Lgr6,Secreted Signaling
1971,Ntn4,Unc5d,Secreted Signaling
1972,Uts2b,Uts2r,Secreted Signaling
1973,Adm2,Calcrl_Ramp2,Secreted Signaling
1974,Adm2,Calcrl,Secreted Signaling
1975,Adm2,Ramp2,Secreted Signaling
1976,Adm2,Ramp3_Calcrl_Gper1,Secreted Signaling
1977,Adm2,Ramp3,Secreted Signaling
1978,Adm2,Gper1,Secreted Signaling
1979,Btla,Tnfrsf14,Cell-Cell Contact
1980,Ifne,Adgrv1,Secreted Signaling
1981,Ifne,Ifnar1_Ifnar2,Secreted Signaling
1982,Ifne,Ifnar1,Secreted Signaling
1983,Ifne,Ifnar2,Secreted Signaling
1984,Col27a1,Itgb1_Itga10,Secreted Signaling
1985,Col27a1,Itgb1,Secreted Signaling
1986,Col27a1,Itga10,Secreted Signaling
1987,Col27a1,Itgb1_Itga11,Secreted Signaling
1988,Col27a1,Itga11,Secreted Signaling
1989,Col27a1,Itgb1_Itga1,Secreted Signaling
1990,Col27a1,Itga1,Secreted Signaling
1991,Col27a1,Itgb1_Itga2,Secreted Signaling
1992,Col27a1,Itga2,Secreted Signaling
1993,Fam3c,Adgrg5,Secreted Signaling
1994,Ifnl2,Il10rb_Ifnlr1,Secreted Signaling
1995,Ntn4,Unc5b,Secreted Signaling
1996,Cadm3,Cadm4,Cell-Cell Contact
1997,Cadm3,Cadm1,Cell-Cell Contact
1998,Cadm3,Nectin3,Cell-Cell Contact
1999,Prok2,Prokr2,Secreted Signaling
2000,Col22a1,Itgb1_Itga10,Secreted Signaling
2001,Col22a1,Itgb1,Secreted Signaling
2002,Col22a1,Itga10,Secreted Signaling
2003,Col22a1,Itgb1_Itga11,Secreted Signaling
2004,Col22a1,Itga11,Secreted Signaling
2005,Col22a1,Itgb1_Itga1,Secreted Signaling
2006,Col22a1,Itga1,Secreted Signaling
2007,Col22a1,Itgb1_Itga2,Secreted Signaling
2008,Col22a1,Itga2,Secreted Signaling
2009,Prok2,Prokr1,Secreted Signaling
2010,Rln3,Rxfp4,Secreted Signaling
2011,Insl5,Rxfp4,Secreted Signaling
2012,Rln3,Rxfp2,Secreted Signaling
2013,Rln3,Rxfp1,Secreted Signaling
2014,Rln3,Rxfp3,Secreted Signaling
2015,Nectin2,Nectin3,Cell-Cell Contact
2016,Clcf1,Esr2,Secreted Signaling
2017,Aldh1a1,Rorb,Secreted Signaling
2018,Aldh1a2,Rorb,Secreted Signaling
2019,Aldh1a3,Rorb,Secreted Signaling
2020,Leap2,Ghsr,Secreted Signaling
2021,Ghrl,Ghsr,Secreted Signaling
2022,Tslp,Il7r_Crlf2,Secreted Signaling
2023,Tslp,Il7r,Secreted Signaling
2024,Tslp,Crlf2,Secreted Signaling
2025,Col26a1,Itgb1_Itga10,Secreted Signaling
2026,Col26a1,Itgb1,Secreted Signaling
2027,Col26a1,Itga10,Secreted Signaling
2028,Col26a1,Itgb1_Itga11,Secreted Signaling
2029,Col26a1,Itga11,Secreted Signaling
2030,Col26a1,Itgb1_Itga1,Secreted Signaling
2031,Col26a1,Itga1,Secreted Signaling
2032,Col26a1,Itgb1_Itga2,Secreted Signaling
2033,Col26a1,Itga2,Secreted Signaling
2034,Esam,Esam,Cell-Cell Contact
2035,Nell2,Robo3,Secreted Signaling
2036,Scgb3a1,Marco,Secreted Signaling
2037,Scgb3a1,Notch3,Secreted Signaling
2038,Tnfsf13b,Tnfrsf13c,Secreted Signaling
2039,Dll4,Notch4,Cell-Cell Contact
2040,Dll3,Notch4,Cell-Cell Contact
2041,Jag2,Notch4,Cell-Cell Contact
2042,Col12a1,Itgb1_Itga10,Secreted Signaling
2043,Col12a1,Itgb1,Secreted Signaling
2044,Col12a1,Itga10,Secreted Signaling
2045,Col12a1,Itgb1_Itga11,Secreted Signaling
2046,Col12a1,Itga11,Secreted Signaling
2047,Col12a1,Itgb1_Itga1,Secreted Signaling
2048,Col12a1,Itga1,Secreted Signaling
2049,Col12a1,Itgb1_Itga2,Secreted Signaling
2050,Col12a1,Itga2,Secreted Signaling
2051,Ccl19,Ackr4,Secreted Signaling
2052,Nrtn,Ret_Gfra2,Secreted Signaling
2053,Nrtn,Ret,Secreted Signaling
2054,Nrtn,Gfra2,Secreted Signaling
2055,Rarres2,Cmklr1,Secreted Signaling
2056,Omd,Itgav_Itgb3,Secreted Signaling
2057,Omd,Itgav,Secreted Signaling
2058,Omd,Itgb3,Secreted Signaling
2059,Jam3,Jam3,Cell-Cell Contact
2060,Jam3,Itgb2_Itgam,Secreted Signaling
2061,Jam3,Itgb2,Secreted Signaling
2062,Jam3,Itgam,Secreted Signaling
2063,Rspo3,Lgr4,Secreted Signaling
2064,Rspo3,Lgr6,Secreted Signaling
2065,Cadm1,Cadm1,Cell-Cell Contact
2066,Cadm1,Nectin3,Cell-Cell Contact
2067,Ghrl,Ace2,Secreted Signaling
2068,Npvf,Npffr1,Secreted Signaling
2069,Sema4a,Plxnd1,Cell-Cell Contact
2070,Crlf2,Il7r_Crlf2,Secreted Signaling
2071,Crlf2,Il7r,Secreted Signaling
2072,Crlf2,Crlf2,Secreted Signaling
2073,Dll4,Notch3,Cell-Cell Contact
2074,Insl5,Rxfp3,Secreted Signaling
2075,Dll3,Notch3,Cell-Cell Contact
2076,Ifnk,Ifnar1_Ifnar2,Secreted Signaling
2077,Ifnk,Ifnar1,Secreted Signaling
2078,Ifnk,Ifnar2,Secreted Signaling
2079,Col20a1,Itgb1_Itga10,Secreted Signaling
2080,Col20a1,Itgb1,Secreted Signaling
2081,Col20a1,Itga10,Secreted Signaling
2082,Col20a1,Itgb1_Itga11,Secreted Signaling
2083,Col20a1,Itga11,Secreted Signaling
2084,Col20a1,Itgb1_Itga1,Secreted Signaling
2085,Col20a1,Itga1,Secreted Signaling
2086,Col20a1,Itgb1_Itga2,Secreted Signaling
2087,Col20a1,Itga2,Secreted Signaling
2088,Cdh7,Cdh7,Cell-Cell Contact
2089,Jag2,Notch3,Cell-Cell Contact
2090,Tnfsf18,Tnfrsf18,Secreted Signaling
2091,F11r,Itgb2_Itgal,Cell-Cell Contact
2092,F11r,Itgb2,Cell-Cell Contact
2093,F11r,Itgal,Cell-Cell Contact
2094,Aldh1a1,Rara_Crabp2,Secreted Signaling
2095,Aldh1a1,Rara,Secreted Signaling
2096,Aldh1a1,Crabp2,Secreted Signaling
2097,Aldh1a2,Rara_Crabp2,Secreted Signaling
2098,Aldh1a2,Rara,Secreted Signaling
2099,Aldh1a2,Crabp2,Secreted Signaling
2100,Aldh1a3,Rara_Crabp2,Secreted Signaling
2101,Aldh1a3,Rara,Secreted Signaling
2102,Aldh1a3,Crabp2,Secreted Signaling
2103,Aldh1a1,Rara_Rxra_Crabp2,Secreted Signaling
2104,Aldh1a1,Rxra,Secreted Signaling
2105,Aldh1a2,Rara_Rxra_Crabp2,Secreted Signaling
2106,Aldh1a2,Rxra,Secreted Signaling
2107,Aldh1a3,Rara_Rxra_Crabp2,Secreted Signaling
2108,Aldh1a3,Rxra,Secreted Signaling
2109,Aldh1a1,Rarb_Crabp2,Secreted Signaling
2110,Aldh1a1,Rarb,Secreted Signaling
2111,Aldh1a2,Rarb_Crabp2,Secreted Signaling
2112,Aldh1a2,Rarb,Secreted Signaling
2113,Aldh1a3,Rarb_Crabp2,Secreted Signaling
2114,Aldh1a3,Rarb,Secreted Signaling
2115,Aldh1a1,Rarb_Rxrb_Crabp2,Secreted Signaling
2116,Aldh1a1,Rxrb,Secreted Signaling
2117,Aldh1a2,Rarb_Rxrb_Crabp2,Secreted Signaling
2118,Aldh1a2,Rxrb,Secreted Signaling
2119,Aldh1a3,Rarb_Rxrb_Crabp2,Secreted Signaling
2120,Aldh1a3,Rxrb,Secreted Signaling
2121,Aldh1a1,Rarg_Crabp2,Secreted Signaling
2122,Aldh1a1,Rarg,Secreted Signaling
2123,Aldh1a2,Rarg_Crabp2,Secreted Signaling
2124,Aldh1a2,Rarg,Secreted Signaling
2125,Aldh1a3,Rarg_Crabp2,Secreted Signaling
2126,Aldh1a3,Rarg,Secreted Signaling
2127,Aldh1a1,Rarg_Rxrg_Crabp2,Secreted Signaling
2128,Aldh1a1,Rxrg,Secreted Signaling
2129,Aldh1a2,Rarg_Rxrg_Crabp2,Secreted Signaling
2130,Aldh1a2,Rxrg,Secreted Signaling
2131,Aldh1a3,Rarg_Rxrg_Crabp2,Secreted Signaling
2132,Aldh1a3,Rxrg,Secreted Signaling
2133,Aldh1a1,Rxra_Crabp2,Secreted Signaling
2134,Aldh1a2,Rxra_Crabp2,Secreted Signaling
2135,Aldh1a3,Rxra_Crabp2,Secreted Signaling
2136,Aldh1a1,Rxrb_Crabp2,Secreted Signaling
2137,Aldh1a2,Rxrb_Crabp2,Secreted Signaling
2138,Aldh1a3,Rxrb_Crabp2,Secreted Signaling
2139,Aldh1a1,Rxrg_Crabp2,Secreted Signaling
2140,Aldh1a2,Rxrg_Crabp2,Secreted Signaling
2141,Aldh1a3,Rxrg_Crabp2,Secreted Signaling
